00:00 +0: loading C:/GUARANTEED OUTCOME/MOOLSOCIAL-PRODUCTION/apps/mobile/test/book_vertical_slice_test.dart
00:00 +0: C:/GUARANTEED OUTCOME/MOOLSOCIAL-PRODUCTION/apps/mobile/test/book_vertical_slice_test.dart: doctor completes care, patient, consent, invite and follow-up controls
00:05 +0: C:/GUARANTEED OUTCOME/MOOLSOCIAL-PRODUCTION/apps/mobile/test/buy_medicine_visual_golden_test.dart: Medicine search phone visual baseline
MOOLSOCIAL_STARTUP stage=ready snapshot=true setupComplete=true completedSetupVersion=5 requiredSetupVersion=5 authenticated=true
00:05 +1: C:/GUARANTEED OUTCOME/MOOLSOCIAL-PRODUCTION/apps/mobile/test/book_vertical_slice_test.dart: doctor completes care, patient, consent, invite and follow-up controls
00:06 +1: C:/GUARANTEED OUTCOME/MOOLSOCIAL-PRODUCTION/apps/mobile/test/buy_medicine_visual_golden_test.dart: Medicine prescription result phone visual baseline
MOOLSOCIAL_STARTUP stage=ready snapshot=true setupComplete=true completedSetupVersion=5 requiredSetupVersion=5 authenticated=true
00:06 +2: C:/GUARANTEED OUTCOME/MOOLSOCIAL-PRODUCTION/apps/mobile/test/book_vertical_slice_test.dart: doctor completes care, patient, consent, invite and follow-up controls
00:06 +2: C:/GUARANTEED OUTCOME/MOOLSOCIAL-PRODUCTION/apps/mobile/test/buy_medicine_vertical_slice_test.dart: search handles empty recovery and adds an eligible item
MOOLSOCIAL_STARTUP stage=ready snapshot=true setupComplete=true completedSetupVersion=5 requiredSetupVersion=5 authenticated=true
00:06 +3: C:/GUARANTEED OUTCOME/MOOLSOCIAL-PRODUCTION/apps/mobile/test/book_vertical_slice_test.dart: doctor completes care, patient, consent, invite and follow-up controls
00:06 +3: C:/GUARANTEED OUTCOME/MOOLSOCIAL-PRODUCTION/apps/mobile/test/buy_medicine_visual_golden_test.dart: Pharmacist request result phone visual baseline
MOOLSOCIAL_STARTUP stage=ready snapshot=true setupComplete=true completedSetupVersion=5 requiredSetupVersion=5 authenticated=true
00:06 +4: C:/GUARANTEED OUTCOME/MOOLSOCIAL-PRODUCTION/apps/mobile/test/book_vertical_slice_test.dart: doctor completes care, patient, consent, invite and follow-up controls
00:07 +4: C:/GUARANTEED OUTCOME/MOOLSOCIAL-PRODUCTION/apps/mobile/test/buy_medicine_vertical_slice_test.dart: prescription validates, preserves failure and succeeds once on retry
MOOLSOCIAL_STARTUP stage=ready snapshot=true setupComplete=true completedSetupVersion=5 requiredSetupVersion=5 authenticated=true
00:07 +5: C:/GUARANTEED OUTCOME/MOOLSOCIAL-PRODUCTION/apps/mobile/test/book_vertical_slice_test.dart: doctor completes care, patient, consent, invite and follow-up controls
00:08 +5: C:/GUARANTEED OUTCOME/MOOLSOCIAL-PRODUCTION/apps/mobile/test/buy_medicine_vertical_slice_test.dart: pharmacist question validates, retries without losing text and opens once
MOOLSOCIAL_STARTUP stage=ready snapshot=true setupComplete=true completedSetupVersion=5 requiredSetupVersion=5 authenticated=true
00:08 +6: C:/GUARANTEED OUTCOME/MOOLSOCIAL-PRODUCTION/apps/mobile/test/book_vertical_slice_test.dart: doctor completes care, patient, consent, invite and follow-up controls
00:08 +6: C:/GUARANTEED OUTCOME/MOOLSOCIAL-PRODUCTION/apps/mobile/test/buy_medicine_vertical_slice_test.dart: compact larger-text screen keeps every medicine path reachable
MOOLSOCIAL_STARTUP stage=ready snapshot=true setupComplete=true completedSetupVersion=5 requiredSetupVersion=5 authenticated=true
00:08 +7: C:/GUARANTEED OUTCOME/MOOLSOCIAL-PRODUCTION/apps/mobile/test/book_vertical_slice_test.dart: doctor completes care, patient, consent, invite and follow-up controls
00:09 +7: C:/GUARANTEED OUTCOME/MOOLSOCIAL-PRODUCTION/apps/mobile/test/buy_home_delivery_flow_test.dart: home delivery completes catalogue through bill and two-party rating
MOOLSOCIAL_STARTUP stage=ready snapshot=true setupComplete=true completedSetupVersion=5 requiredSetupVersion=5 authenticated=true
00:09 +8: C:/GUARANTEED OUTCOME/MOOLSOCIAL-PRODUCTION/apps/mobile/test/book_vertical_slice_test.dart: doctor completes care, patient, consent, invite and follow-up controls
MOOLSOCIAL_STARTUP stage=ready snapshot=true setupComplete=true completedSetupVersion=5 requiredSetupVersion=5 authenticated=true
00:09 +9: C:/GUARANTEED OUTCOME/MOOLSOCIAL-PRODUCTION/apps/mobile/test/buy_home_delivery_flow_test.dart: empty, invalid, sold-out and cancelled paths remain safe
00:16 +9: C:/GUARANTEED OUTCOME/MOOLSOCIAL-PRODUCTION/apps/mobile/test/book_vertical_slice_test.dart: doctor rejects missing child age and consent, then exact retry confirms once
MOOLSOCIAL_STARTUP stage=ready snapshot=true setupComplete=true completedSetupVersion=5 requiredSetupVersion=5 authenticated=true
00:16 +10: C:/GUARANTEED OUTCOME/MOOLSOCIAL-PRODUCTION/apps/mobile/test/buy_home_delivery_flow_test.dart: empty, invalid, sold-out and cancelled paths remain safe
MOOLSOCIAL_STARTUP stage=ready snapshot=true setupComplete=true completedSetupVersion=5 requiredSetupVersion=5 authenticated=true
00:16 +11: C:/GUARANTEED OUTCOME/MOOLSOCIAL-PRODUCTION/apps/mobile/test/book_vertical_slice_test.dart: patient cannot join clinic invite without consent and can recover
MOOLSOCIAL_STARTUP stage=ready snapshot=true setupComplete=true completedSetupVersion=5 requiredSetupVersion=5 authenticated=true
00:18 +12: C:/GUARANTEED OUTCOME/MOOLSOCIAL-PRODUCTION/apps/mobile/test/buy_home_delivery_flow_test.dart: coupon validation does not mutate the basket falsely
00:18 +12: C:/GUARANTEED OUTCOME/MOOLSOCIAL-PRODUCTION/apps/mobile/test/book_vertical_slice_test.dart: salon completes selection, payment, visit, bill, rating and support
MOOLSOCIAL_STARTUP stage=ready snapshot=true setupComplete=true completedSetupVersion=5 requiredSetupVersion=5 authenticated=true
00:20 +12: C:/GUARANTEED OUTCOME/MOOLSOCIAL-PRODUCTION/apps/mobile/test/buy_home_delivery_flow_test.dart: coupon validation does not mutate the basket falsely
MOOLSOCIAL_STARTUP stage=ready snapshot=true setupComplete=true completedSetupVersion=5 requiredSetupVersion=5 authenticated=true
00:20 +13: C:/GUARANTEED OUTCOME/MOOLSOCIAL-PRODUCTION/apps/mobile/test/book_vertical_slice_test.dart: salon completes selection, payment, visit, bill, rating and support
00:20 +13: C:/GUARANTEED OUTCOME/MOOLSOCIAL-PRODUCTION/apps/mobile/test/buy_home_delivery_flow_test.dart: failed payment retries once without a duplicate order
MOOLSOCIAL_STARTUP stage=ready snapshot=true setupComplete=true completedSetupVersion=5 requiredSetupVersion=5 authenticated=true
00:25 +14: C:/GUARANTEED OUTCOME/MOOLSOCIAL-PRODUCTION/apps/mobile/test/book_vertical_slice_test.dart: salon completes selection, payment, visit, bill, rating and support
00:35 +15: C:/GUARANTEED OUTCOME/MOOLSOCIAL-PRODUCTION/apps/mobile/test/captain_vertical_slice_test.dart: screen 116 completes availability retry and opens every owner route
00:39 +15: C:/GUARANTEED OUTCOME/MOOLSOCIAL-PRODUCTION/apps/mobile/test/buy_home_delivery_flow_test.dart: tracking nested actions validate and complete visibly
MOOLSOCIAL_STARTUP stage=ready snapshot=true setupComplete=true completedSetupVersion=5 requiredSetupVersion=5 authenticated=true
00:39 +16: C:/GUARANTEED OUTCOME/MOOLSOCIAL-PRODUCTION/apps/mobile/test/captain_vertical_slice_test.dart: screen 116 completes availability retry and opens every owner route
00:39 +16: C:/GUARANTEED OUTCOME/MOOLSOCIAL-PRODUCTION/apps/mobile/test/buy_home_delivery_flow_test.dart: completed order problem validates, submits and opens support
MOOLSOCIAL_STARTUP stage=ready snapshot=true setupComplete=true completedSetupVersion=5 requiredSetupVersion=5 authenticated=true
00:41 +16: C:/GUARANTEED OUTCOME/MOOLSOCIAL-PRODUCTION/apps/mobile/test/captain_visual_golden_test.dart: Captain home 412x915 visual baseline
MOOLSOCIAL_STARTUP stage=ready snapshot=true setupComplete=true completedSetupVersion=5 requiredSetupVersion=5 authenticated=true
00:41 +16: C:/GUARANTEED OUTCOME/MOOLSOCIAL-PRODUCTION/apps/mobile/test/book_vertical_slice_test.dart: salon slot and payment failures replay without duplicate booking or debit
MOOLSOCIAL_STARTUP stage=ready snapshot=true setupComplete=true completedSetupVersion=5 requiredSetupVersion=5 authenticated=true
00:41 +17: C:/GUARANTEED OUTCOME/MOOLSOCIAL-PRODUCTION/apps/mobile/test/captain_vertical_slice_test.dart: screen 116 completes availability retry and opens every owner route
00:42 +18: C:/GUARANTEED OUTCOME/MOOLSOCIAL-PRODUCTION/apps/mobile/test/captain_vertical_slice_test.dart: screen 116 completes availability retry and opens every owner route
00:43 +18: C:/GUARANTEED OUTCOME/MOOLSOCIAL-PRODUCTION/apps/mobile/test/book_vertical_slice_test.dart: salon cancel supports keep and free cancellation completion
MOOLSOCIAL_STARTUP stage=ready snapshot=true setupComplete=true completedSetupVersion=5 requiredSetupVersion=5 authenticated=true
00:43 +19: C:/GUARANTEED OUTCOME/MOOLSOCIAL-PRODUCTION/apps/mobile/test/captain_vertical_slice_test.dart: screen 116 completes availability retry and opens every owner route
00:44 +19: C:/GUARANTEED OUTCOME/MOOLSOCIAL-PRODUCTION/apps/mobile/test/captain_visual_golden_test.dart: Captain request 412x915 visual baseline
MOOLSOCIAL_STARTUP stage=ready snapshot=true setupComplete=true completedSetupVersion=5 requiredSetupVersion=5 authenticated=true
00:44 +20: C:/GUARANTEED OUTCOME/MOOLSOCIAL-PRODUCTION/apps/mobile/test/captain_vertical_slice_test.dart: screen 116 completes availability retry and opens every owner route
00:45 +21: C:/GUARANTEED OUTCOME/MOOLSOCIAL-PRODUCTION/apps/mobile/test/captain_vertical_slice_test.dart: screen 116 completes availability retry and opens every owner route
00:46 +21: C:/GUARANTEED OUTCOME/MOOLSOCIAL-PRODUCTION/apps/mobile/test/captain_visual_golden_test.dart: Captain pickup 412x915 visual baseline
MOOLSOCIAL_STARTUP stage=ready snapshot=true setupComplete=true completedSetupVersion=5 requiredSetupVersion=5 authenticated=true
00:46 +22: C:/GUARANTEED OUTCOME/MOOLSOCIAL-PRODUCTION/apps/mobile/test/captain_vertical_slice_test.dart: screen 116 completes availability retry and opens every owner route
00:51 +22: C:/GUARANTEED OUTCOME/MOOLSOCIAL-PRODUCTION/apps/mobile/test/captain_visual_golden_test.dart: Captain live trip 412x915 visual baseline
MOOLSOCIAL_STARTUP stage=ready snapshot=true setupComplete=true completedSetupVersion=5 requiredSetupVersion=5 authenticated=true
00:51 +23: C:/GUARANTEED OUTCOME/MOOLSOCIAL-PRODUCTION/apps/mobile/test/captain_vertical_slice_test.dart: screen 116 completes availability retry and opens every owner route
00:51 +23: C:/GUARANTEED OUTCOME/MOOLSOCIAL-PRODUCTION/apps/mobile/test/captain_visual_golden_test.dart: Captain fare completion 412x915 visual baseline
MOOLSOCIAL_STARTUP stage=ready snapshot=true setupComplete=true completedSetupVersion=5 requiredSetupVersion=5 authenticated=true
00:53 +24: C:/GUARANTEED OUTCOME/MOOLSOCIAL-PRODUCTION/apps/mobile/test/captain_vertical_slice_test.dart: screen 116 completes availability retry and opens every owner route
00:54 +24: C:/GUARANTEED OUTCOME/MOOLSOCIAL-PRODUCTION/apps/mobile/test/captain_visual_golden_test.dart: Captain earnings 412x915 visual baseline
MOOLSOCIAL_STARTUP stage=ready snapshot=true setupComplete=true completedSetupVersion=5 requiredSetupVersion=5 authenticated=true
00:54 +25: C:/GUARANTEED OUTCOME/MOOLSOCIAL-PRODUCTION/apps/mobile/test/captain_vertical_slice_test.dart: screen 116 completes availability retry and opens every owner route
00:56 +25: C:/GUARANTEED OUTCOME/MOOLSOCIAL-PRODUCTION/apps/mobile/test/captain_visual_golden_test.dart: Captain compliance 412x915 visual baseline
MOOLSOCIAL_STARTUP stage=ready snapshot=true setupComplete=true completedSetupVersion=5 requiredSetupVersion=5 authenticated=true
00:56 +26: C:/GUARANTEED OUTCOME/MOOLSOCIAL-PRODUCTION/apps/mobile/test/captain_vertical_slice_test.dart: screen 116 completes availability retry and opens every owner route
00:56 +26: C:/GUARANTEED OUTCOME/MOOLSOCIAL-PRODUCTION/apps/mobile/test/captain_visual_golden_test.dart: Captain support and work 412x915 visual baseline
MOOLSOCIAL_STARTUP stage=ready snapshot=true setupComplete=true completedSetupVersion=5 requiredSetupVersion=5 authenticated=true
00:57 +27: C:/GUARANTEED OUTCOME/MOOLSOCIAL-PRODUCTION/apps/mobile/test/captain_vertical_slice_test.dart: screen 116 completes availability retry and opens every owner route
00:58 +27: C:/GUARANTEED OUTCOME/MOOLSOCIAL-PRODUCTION/apps/mobile/test/buy_home_delivery_flow_test.dart: explicit store collection completes ready code, handoff and shop rating
MOOLSOCIAL_STARTUP stage=ready snapshot=true setupComplete=true completedSetupVersion=5 requiredSetupVersion=5 authenticated=true
00:58 +28: C:/GUARANTEED OUTCOME/MOOLSOCIAL-PRODUCTION/apps/mobile/test/captain_vertical_slice_test.dart: screen 116 completes availability retry and opens every owner route
01:00 +28: C:/GUARANTEED OUTCOME/MOOLSOCIAL-PRODUCTION/apps/mobile/test/book_vertical_slice_test.dart: task completes detail, hold, helper, proof, release and saved receipt
MOOLSOCIAL_STARTUP stage=ready snapshot=true setupComplete=true completedSetupVersion=5 requiredSetupVersion=5 authenticated=true
01:00 +29: C:/GUARANTEED OUTCOME/MOOLSOCIAL-PRODUCTION/apps/mobile/test/captain_vertical_slice_test.dart: screen 116 completes availability retry and opens every owner route
01:00 +29: C:/GUARANTEED OUTCOME/MOOLSOCIAL-PRODUCTION/apps/mobile/test/buy_home_delivery_flow_test.dart: order dock preserves the selected collection lifecycle
MOOLSOCIAL_STARTUP stage=ready snapshot=true setupComplete=true completedSetupVersion=5 requiredSetupVersion=5 authenticated=true
01:00 +30: C:/GUARANTEED OUTCOME/MOOLSOCIAL-PRODUCTION/apps/mobile/test/captain_vertical_slice_test.dart: screen 116 completes availability retry and opens every owner route
01:00 +30: C:/GUARANTEED OUTCOME/MOOLSOCIAL-PRODUCTION/apps/mobile/test/buy_home_delivery_flow_test.dart: compact phone keeps primary buy controls tappable
MOOLSOCIAL_STARTUP stage=ready snapshot=true setupComplete=true completedSetupVersion=5 requiredSetupVersion=5 authenticated=true
01:01 +31: C:/GUARANTEED OUTCOME/MOOLSOCIAL-PRODUCTION/apps/mobile/test/captain_vertical_slice_test.dart: screen 116 completes availability retry and opens every owner route
01:04 +31: C:/GUARANTEED OUTCOME/MOOLSOCIAL-PRODUCTION/apps/mobile/test/book_vertical_slice_test.dart: task rejects short detail and failed matching retries without a false hold
MOOLSOCIAL_STARTUP stage=ready snapshot=true setupComplete=true completedSetupVersion=5 requiredSetupVersion=5 authenticated=true
01:04 +32: C:/GUARANTEED OUTCOME/MOOLSOCIAL-PRODUCTION/apps/mobile/test/captain_vertical_slice_test.dart: screen 116 completes availability retry and opens every owner route
01:06 +32: C:/GUARANTEED OUTCOME/MOOLSOCIAL-PRODUCTION/apps/mobile/test/book_vertical_slice_test.dart: task release failure, clearer proof and exact retry remain protected
MOOLSOCIAL_STARTUP stage=ready snapshot=true setupComplete=true completedSetupVersion=5 requiredSetupVersion=5 authenticated=true
01:06 +33: C:/GUARANTEED OUTCOME/MOOLSOCIAL-PRODUCTION/apps/mobile/test/captain_vertical_slice_test.dart: screen 116 completes availability retry and opens every owner route
01:15 +33: C:/GUARANTEED OUTCOME/MOOLSOCIAL-PRODUCTION/apps/mobile/test/book_vertical_slice_test.dart: task support failure retries once and resolution failure preserves case
MOOLSOCIAL_STARTUP stage=ready snapshot=true setupComplete=true completedSetupVersion=5 requiredSetupVersion=5 authenticated=true
01:15 +34: C:/GUARANTEED OUTCOME/MOOLSOCIAL-PRODUCTION/apps/mobile/test/captain_vertical_slice_test.dart: screen 116 completes availability retry and opens every owner route
01:15 +34: C:/GUARANTEED OUTCOME/MOOLSOCIAL-PRODUCTION/apps/mobile/test/book_vertical_slice_test.dart: compact Book entry and dock targets remain at least 44 points
MOOLSOCIAL_STARTUP stage=ready snapshot=true setupComplete=true completedSetupVersion=5 requiredSetupVersion=5 authenticated=true
01:15 +35: C:/GUARANTEED OUTCOME/MOOLSOCIAL-PRODUCTION/apps/mobile/test/captain_vertical_slice_test.dart: screen 116 completes availability retry and opens every owner route
MOOLSOCIAL_STARTUP stage=ready snapshot=true setupComplete=true completedSetupVersion=5 requiredSetupVersion=5 authenticated=true
01:16 +36: C:/GUARANTEED OUTCOME/MOOLSOCIAL-PRODUCTION/apps/mobile/test/chat_flow_test.dart: inbox completes search, filters, new chat and protected return route
01:19 +36: C:/GUARANTEED OUTCOME/MOOLSOCIAL-PRODUCTION/apps/mobile/test/chat_visual_golden_test.dart: Chat inbox 023 phone visual baseline
MOOLSOCIAL_STARTUP stage=ready snapshot=true setupComplete=true completedSetupVersion=5 requiredSetupVersion=5 authenticated=true
01:20 +37: C:/GUARANTEED OUTCOME/MOOLSOCIAL-PRODUCTION/apps/mobile/test/chat_flow_test.dart: inbox completes search, filters, new chat and protected return route
01:20 +37: C:/GUARANTEED OUTCOME/MOOLSOCIAL-PRODUCTION/apps/mobile/test/chat_visual_golden_test.dart: Chat order support 022 phone visual baseline
MOOLSOCIAL_STARTUP stage=ready snapshot=true setupComplete=true completedSetupVersion=5 requiredSetupVersion=5 authenticated=true
01:20 +37: C:/GUARANTEED OUTCOME/MOOLSOCIAL-PRODUCTION/apps/mobile/test/captain_vertical_slice_test.dart: screen 117 pauses safely then exactly retries one ride acceptance
MOOLSOCIAL_STARTUP stage=ready snapshot=true setupComplete=true completedSetupVersion=5 requiredSetupVersion=5 authenticated=true
01:20 +38: C:/GUARANTEED OUTCOME/MOOLSOCIAL-PRODUCTION/apps/mobile/test/chat_flow_test.dart: inbox completes search, filters, new chat and protected return route
01:20 +38: C:/GUARANTEED OUTCOME/MOOLSOCIAL-PRODUCTION/apps/mobile/test/captain_vertical_slice_test.dart: screen 117 decline failure and exact retry create no assignment
MOOLSOCIAL_STARTUP stage=ready snapshot=true setupComplete=true completedSetupVersion=5 requiredSetupVersion=5 authenticated=true
01:22 +39: C:/GUARANTEED OUTCOME/MOOLSOCIAL-PRODUCTION/apps/mobile/test/chat_flow_test.dart: inbox completes search, filters, new chat and protected return route
01:22 +40: C:/GUARANTEED OUTCOME/MOOLSOCIAL-PRODUCTION/apps/mobile/test/chat_flow_test.dart: inbox completes search, filters, new chat and protected return route
01:22 +40: C:/GUARANTEED OUTCOME/MOOLSOCIAL-PRODUCTION/apps/mobile/test/chat_visual_golden_test.dart: Chat business 024 phone visual baseline
MOOLSOCIAL_STARTUP stage=ready snapshot=true setupComplete=true completedSetupVersion=5 requiredSetupVersion=5 authenticated=true
01:24 +41: C:/GUARANTEED OUTCOME/MOOLSOCIAL-PRODUCTION/apps/mobile/test/chat_flow_test.dart: inbox completes search, filters, new chat and protected return route
01:25 +41: C:/GUARANTEED OUTCOME/MOOLSOCIAL-PRODUCTION/apps/mobile/test/chat_visual_golden_test.dart: Chat people 025 phone visual baseline
MOOLSOCIAL_STARTUP stage=ready snapshot=true setupComplete=true completedSetupVersion=5 requiredSetupVersion=5 authenticated=true
01:25 +42: C:/GUARANTEED OUTCOME/MOOLSOCIAL-PRODUCTION/apps/mobile/test/chat_flow_test.dart: inbox completes search, filters, new chat and protected return route
MOOLSOCIAL_STARTUP stage=ready snapshot=true setupComplete=true completedSetupVersion=5 requiredSetupVersion=5 authenticated=true
01:27 +43: C:/GUARANTEED OUTCOME/MOOLSOCIAL-PRODUCTION/apps/mobile/test/captain_vertical_slice_test.dart: screen 118 covers contact, stale location, OTP validation and exact start retry
MOOLSOCIAL_STARTUP stage=ready snapshot=true setupComplete=true completedSetupVersion=5 requiredSetupVersion=5 authenticated=true
01:28 +44: C:/GUARANTEED OUTCOME/MOOLSOCIAL-PRODUCTION/apps/mobile/test/creator_vertical_slice_test.dart: screen 124 opens every Creator Studio owner route
01:29 +44: C:/GUARANTEED OUTCOME/MOOLSOCIAL-PRODUCTION/apps/mobile/test/chat_flow_test.dart: Universal Chat choices open the matching production inbox
MOOLSOCIAL_STARTUP stage=ready snapshot=true setupComplete=true completedSetupVersion=5 requiredSetupVersion=5 authenticated=true
01:29 +45: C:/GUARANTEED OUTCOME/MOOLSOCIAL-PRODUCTION/apps/mobile/test/creator_vertical_slice_test.dart: screen 124 opens every Creator Studio owner route
01:33 +45: C:/GUARANTEED OUTCOME/MOOLSOCIAL-PRODUCTION/apps/mobile/test/captain_vertical_slice_test.dart: screen 119 covers every safety branch and exact destination retry
MOOLSOCIAL_STARTUP stage=ready snapshot=true setupComplete=true completedSetupVersion=5 requiredSetupVersion=5 authenticated=true
01:33 +46: C:/GUARANTEED OUTCOME/MOOLSOCIAL-PRODUCTION/apps/mobile/test/creator_vertical_slice_test.dart: screen 124 opens every Creator Studio owner route
01:43 +46: C:/GUARANTEED OUTCOME/MOOLSOCIAL-PRODUCTION/apps/mobile/test/captain_vertical_slice_test.dart: screen 120 checks record-backed payment once and opens earnings
MOOLSOCIAL_STARTUP stage=ready snapshot=true setupComplete=true completedSetupVersion=5 requiredSetupVersion=5 authenticated=true
01:43 +47: C:/GUARANTEED OUTCOME/MOOLSOCIAL-PRODUCTION/apps/mobile/test/creator_vertical_slice_test.dart: screen 124 opens every Creator Studio owner route
01:46 +47: C:/GUARANTEED OUTCOME/MOOLSOCIAL-PRODUCTION/apps/mobile/test/creator_visual_golden_test.dart: Creator Studio 124 phone visual baseline
MOOLSOCIAL_STARTUP stage=ready snapshot=true setupComplete=true completedSetupVersion=5 requiredSetupVersion=5 authenticated=true
01:46 +48: C:/GUARANTEED OUTCOME/MOOLSOCIAL-PRODUCTION/apps/mobile/test/creator_vertical_slice_test.dart: screen 124 opens every Creator Studio owner route
01:49 +48: C:/GUARANTEED OUTCOME/MOOLSOCIAL-PRODUCTION/apps/mobile/test/captain_vertical_slice_test.dart: screen 121 opens every tab, trip, payout and statement action
MOOLSOCIAL_STARTUP stage=ready snapshot=true setupComplete=true completedSetupVersion=5 requiredSetupVersion=5 authenticated=true
01:49 +49: C:/GUARANTEED OUTCOME/MOOLSOCIAL-PRODUCTION/apps/mobile/test/creator_vertical_slice_test.dart: screen 124 opens every Creator Studio owner route
01:53 +49: C:/GUARANTEED OUTCOME/MOOLSOCIAL-PRODUCTION/apps/mobile/test/creator_visual_golden_test.dart: Creator funded Reel 125 phone visual baseline
MOOLSOCIAL_STARTUP stage=ready snapshot=true setupComplete=true completedSetupVersion=5 requiredSetupVersion=5 authenticated=true
01:53 +50: C:/GUARANTEED OUTCOME/MOOLSOCIAL-PRODUCTION/apps/mobile/test/creator_vertical_slice_test.dart: screen 124 opens every Creator Studio owner route
01:54 +50: C:/GUARANTEED OUTCOME/MOOLSOCIAL-PRODUCTION/apps/mobile/test/creator_visual_golden_test.dart: Creator text post 125 phone visual baseline
MOOLSOCIAL_STARTUP stage=ready snapshot=true setupComplete=true completedSetupVersion=5 requiredSetupVersion=5 authenticated=true
01:54 +51: C:/GUARANTEED OUTCOME/MOOLSOCIAL-PRODUCTION/apps/mobile/test/creator_vertical_slice_test.dart: screen 124 opens every Creator Studio owner route
01:55 +51: C:/GUARANTEED OUTCOME/MOOLSOCIAL-PRODUCTION/apps/mobile/test/creator_visual_golden_test.dart: YouTube Connect source 166 phone visual baseline
MOOLSOCIAL_STARTUP stage=ready snapshot=true setupComplete=true completedSetupVersion=5 requiredSetupVersion=5 authenticated=true
01:55 +52: C:/GUARANTEED OUTCOME/MOOLSOCIAL-PRODUCTION/apps/mobile/test/creator_vertical_slice_test.dart: screen 124 opens every Creator Studio owner route
01:57 +52: C:/GUARANTEED OUTCOME/MOOLSOCIAL-PRODUCTION/apps/mobile/test/chat_flow_test.dart: people chat completes reactions, reply, attachment and nested actions
MOOLSOCIAL_STARTUP stage=ready snapshot=true setupComplete=true completedSetupVersion=5 requiredSetupVersion=5 authenticated=true
01:57 +53: C:/GUARANTEED OUTCOME/MOOLSOCIAL-PRODUCTION/apps/mobile/test/creator_vertical_slice_test.dart: screen 124 opens every Creator Studio owner route
01:57 +53: C:/GUARANTEED OUTCOME/MOOLSOCIAL-PRODUCTION/apps/mobile/test/chat_flow_test.dart: failed message exact replay delivers once after retry
MOOLSOCIAL_STARTUP stage=ready snapshot=true setupComplete=true completedSetupVersion=5 requiredSetupVersion=5 authenticated=true
01:57 +53: C:/GUARANTEED OUTCOME/MOOLSOCIAL-PRODUCTION/apps/mobile/test/creator_visual_golden_test.dart: YouTube Connect action 166 phone visual baseline
MOOLSOCIAL_STARTUP stage=ready snapshot=true setupComplete=true completedSetupVersion=5 requiredSetupVersion=5 authenticated=true
01:57 +54: C:/GUARANTEED OUTCOME/MOOLSOCIAL-PRODUCTION/apps/mobile/test/creator_vertical_slice_test.dart: screen 124 opens every Creator Studio owner route
01:57 +54: C:/GUARANTEED OUTCOME/MOOLSOCIAL-PRODUCTION/apps/mobile/test/captain_vertical_slice_test.dart: screen 122 opens every record then exactly retries one verification
MOOLSOCIAL_STARTUP stage=ready snapshot=true setupComplete=true completedSetupVersion=5 requiredSetupVersion=5 authenticated=true
01:57 +55: C:/GUARANTEED OUTCOME/MOOLSOCIAL-PRODUCTION/apps/mobile/test/creator_vertical_slice_test.dart: screen 124 opens every Creator Studio owner route
01:57 +55: C:/GUARANTEED OUTCOME/MOOLSOCIAL-PRODUCTION/apps/mobile/test/creator_visual_golden_test.dart: YouTube Connect review 166 phone visual baseline
MOOLSOCIAL_STARTUP stage=ready snapshot=true setupComplete=true completedSetupVersion=5 requiredSetupVersion=5 authenticated=true
01:58 +56: C:/GUARANTEED OUTCOME/MOOLSOCIAL-PRODUCTION/apps/mobile/test/creator_vertical_slice_test.dart: screen 124 opens every Creator Studio owner route
01:58 +56: C:/GUARANTEED OUTCOME/MOOLSOCIAL-PRODUCTION/apps/mobile/test/creator_visual_golden_test.dart: Creator library 126 phone visual baseline
MOOLSOCIAL_STARTUP stage=ready snapshot=true setupComplete=true completedSetupVersion=5 requiredSetupVersion=5 authenticated=true
01:58 +57: C:/GUARANTEED OUTCOME/MOOLSOCIAL-PRODUCTION/apps/mobile/test/creator_vertical_slice_test.dart: screen 124 opens every Creator Studio owner route
01:59 +58: C:/GUARANTEED OUTCOME/MOOLSOCIAL-PRODUCTION/apps/mobile/test/creator_vertical_slice_test.dart: screen 124 opens every Creator Studio owner route
MOOLSOCIAL_STARTUP stage=ready snapshot=true setupComplete=true completedSetupVersion=5 requiredSetupVersion=5 authenticated=true
01:59 +59: C:/GUARANTEED OUTCOME/MOOLSOCIAL-PRODUCTION/apps/mobile/test/captain_vertical_slice_test.dart: screen 123 covers all support, paid-work and vehicle-help branches
01:59 +59: C:/GUARANTEED OUTCOME/MOOLSOCIAL-PRODUCTION/apps/mobile/test/creator_visual_golden_test.dart: Creator performance 127 phone visual baseline
MOOLSOCIAL_STARTUP stage=ready snapshot=true setupComplete=true completedSetupVersion=5 requiredSetupVersion=5 authenticated=true
01:59 +60: C:/GUARANTEED OUTCOME/MOOLSOCIAL-PRODUCTION/apps/mobile/test/captain_vertical_slice_test.dart: screen 123 covers all support, paid-work and vehicle-help branches
01:59 +60: C:/GUARANTEED OUTCOME/MOOLSOCIAL-PRODUCTION/apps/mobile/test/creator_visual_golden_test.dart: Creator audience 128 phone visual baseline
MOOLSOCIAL_STARTUP stage=ready snapshot=true setupComplete=true completedSetupVersion=5 requiredSetupVersion=5 authenticated=true
02:00 +61: C:/GUARANTEED OUTCOME/MOOLSOCIAL-PRODUCTION/apps/mobile/test/captain_vertical_slice_test.dart: screen 123 covers all support, paid-work and vehicle-help branches
02:01 +61: C:/GUARANTEED OUTCOME/MOOLSOCIAL-PRODUCTION/apps/mobile/test/creator_visual_golden_test.dart: Creator campaigns 129 phone visual baseline
MOOLSOCIAL_STARTUP stage=ready snapshot=true setupComplete=true completedSetupVersion=5 requiredSetupVersion=5 authenticated=true
02:01 +62: C:/GUARANTEED OUTCOME/MOOLSOCIAL-PRODUCTION/apps/mobile/test/captain_vertical_slice_test.dart: screen 123 covers all support, paid-work and vehicle-help branches
02:02 +62: C:/GUARANTEED OUTCOME/MOOLSOCIAL-PRODUCTION/apps/mobile/test/creator_visual_golden_test.dart: Creator earnings 130 phone visual baseline
MOOLSOCIAL_STARTUP stage=ready snapshot=true setupComplete=true completedSetupVersion=5 requiredSetupVersion=5 authenticated=true
02:02 +63: C:/GUARANTEED OUTCOME/MOOLSOCIAL-PRODUCTION/apps/mobile/test/captain_vertical_slice_test.dart: screen 123 covers all support, paid-work and vehicle-help branches
02:03 +63: C:/GUARANTEED OUTCOME/MOOLSOCIAL-PRODUCTION/apps/mobile/test/chat_flow_test.dart: business and order context actions reach their next intent
MOOLSOCIAL_STARTUP stage=ready snapshot=true setupComplete=true completedSetupVersion=5 requiredSetupVersion=5 authenticated=true
02:03 +64: C:/GUARANTEED OUTCOME/MOOLSOCIAL-PRODUCTION/apps/mobile/test/captain_vertical_slice_test.dart: screen 123 covers all support, paid-work and vehicle-help branches
02:03 +64: C:/GUARANTEED OUTCOME/MOOLSOCIAL-PRODUCTION/apps/mobile/test/chat_flow_test.dart: compact phone keeps chat controls tappable without overflow
MOOLSOCIAL_STARTUP stage=ready snapshot=true setupComplete=true completedSetupVersion=5 requiredSetupVersion=5 authenticated=true
02:03 +64: C:/GUARANTEED OUTCOME/MOOLSOCIAL-PRODUCTION/apps/mobile/test/creator_visual_golden_test.dart: Creator control 131 phone visual baseline
MOOLSOCIAL_STARTUP stage=ready snapshot=true setupComplete=true completedSetupVersion=5 requiredSetupVersion=5 authenticated=true
02:03 +65: C:/GUARANTEED OUTCOME/MOOLSOCIAL-PRODUCTION/apps/mobile/test/captain_vertical_slice_test.dart: screen 123 covers all support, paid-work and vehicle-help branches
02:03 +66: C:/GUARANTEED OUTCOME/MOOLSOCIAL-PRODUCTION/apps/mobile/test/captain_vertical_slice_test.dart: screen 123 covers all support, paid-work and vehicle-help branches
02:04 +66: C:/GUARANTEED OUTCOME/MOOLSOCIAL-PRODUCTION/apps/mobile/test/creator_visual_golden_test.dart: Creator memberships 132 phone visual baseline
MOOLSOCIAL_STARTUP stage=ready snapshot=true setupComplete=true completedSetupVersion=5 requiredSetupVersion=5 authenticated=true
02:04 +67: C:/GUARANTEED OUTCOME/MOOLSOCIAL-PRODUCTION/apps/mobile/test/captain_vertical_slice_test.dart: screen 123 covers all support, paid-work and vehicle-help branches
MOOLSOCIAL_STARTUP stage=ready snapshot=true setupComplete=true completedSetupVersion=5 requiredSetupVersion=5 authenticated=true
02:06 +68: C:/GUARANTEED OUTCOME/MOOLSOCIAL-PRODUCTION/apps/mobile/test/creator_vertical_slice_test.dart: screen 125 business-funded Reel validates duration and exactly retries draft and publish
02:06 +68: C:/GUARANTEED OUTCOME/MOOLSOCIAL-PRODUCTION/apps/mobile/test/captain_vertical_slice_test.dart: offline and unauthorized captain commands preserve every outcome
MOOLSOCIAL_STARTUP stage=ready snapshot=true setupComplete=true completedSetupVersion=5 requiredSetupVersion=5 authenticated=true
02:06 +69: C:/GUARANTEED OUTCOME/MOOLSOCIAL-PRODUCTION/apps/mobile/test/creator_vertical_slice_test.dart: screen 125 business-funded Reel validates duration and exactly retries draft and publish
02:08 +70: C:/GUARANTEED OUTCOME/MOOLSOCIAL-PRODUCTION/apps/mobile/test/creator_vertical_slice_test.dart: screen 125 business-funded Reel validates duration and exactly retries draft and publish
MOOLSOCIAL_STARTUP stage=ready snapshot=true setupComplete=true completedSetupVersion=5 requiredSetupVersion=5 authenticated=true
02:09 +71: C:/GUARANTEED OUTCOME/MOOLSOCIAL-PRODUCTION/apps/mobile/test/design_system_test.dart: component typography keeps the production Inter family
02:09 +72: C:/GUARANTEED OUTCOME/MOOLSOCIAL-PRODUCTION/apps/mobile/test/creator_vertical_slice_test.dart: screen 125 keeps YouTube, text and image creation paths explicit
02:09 +73: C:/GUARANTEED OUTCOME/MOOLSOCIAL-PRODUCTION/apps/mobile/test/creator_vertical_slice_test.dart: screen 125 keeps YouTube, text and image creation paths explicit
02:12 +74: C:/GUARANTEED OUTCOME/MOOLSOCIAL-PRODUCTION/apps/mobile/test/creator_vertical_slice_test.dart: screen 125 keeps YouTube, text and image creation paths explicit
02:15 +75: C:/GUARANTEED OUTCOME/MOOLSOCIAL-PRODUCTION/apps/mobile/test/creator_vertical_slice_test.dart: screen 125 keeps YouTube, text and image creation paths explicit
MOOLSOCIAL_STARTUP stage=ready snapshot=true setupComplete=true completedSetupVersion=5 requiredSetupVersion=5 authenticated=true
02:15 +76: C:/GUARANTEED OUTCOME/MOOLSOCIAL-PRODUCTION/apps/mobile/test/eat_vertical_slice_test.dart: food order completes add, duplicate merge, payment, tracking and rating
02:16 +77: C:/GUARANTEED OUTCOME/MOOLSOCIAL-PRODUCTION/apps/mobile/test/eat_vertical_slice_test.dart: food order completes add, duplicate merge, payment, tracking and rating
02:17 +77: C:/GUARANTEED OUTCOME/MOOLSOCIAL-PRODUCTION/apps/mobile/test/creator_vertical_slice_test.dart: paid Reel exposes every 1 to 7 day choice on compact large text
MOOLSOCIAL_STARTUP stage=ready snapshot=true setupComplete=true completedSetupVersion=5 requiredSetupVersion=5 authenticated=true
02:17 +78: C:/GUARANTEED OUTCOME/MOOLSOCIAL-PRODUCTION/apps/mobile/test/eat_vertical_slice_test.dart: food order completes add, duplicate merge, payment, tracking and rating
02:17 +78: C:/GUARANTEED OUTCOME/MOOLSOCIAL-PRODUCTION/apps/mobile/test/creator_vertical_slice_test.dart: screen 166 validates YouTube source and exactly retries one connected post
MOOLSOCIAL_STARTUP stage=ready snapshot=true setupComplete=true completedSetupVersion=5 requiredSetupVersion=5 authenticated=true
02:24 +78: C:/GUARANTEED OUTCOME/MOOLSOCIAL-PRODUCTION/apps/mobile/test/journey_session_test.dart: returning authenticated session restores directly to ready
MOOLSOCIAL_STARTUP stage=ready snapshot=true setupComplete=true completedSetupVersion=5 requiredSetupVersion=5 authenticated=true
02:24 +79: C:/GUARANTEED OUTCOME/MOOLSOCIAL-PRODUCTION/apps/mobile/test/eat_vertical_slice_test.dart: food order completes add, duplicate merge, payment, tracking and rating
02:24 +79: C:/GUARANTEED OUTCOME/MOOLSOCIAL-PRODUCTION/apps/mobile/test/journey_session_test.dart: boot failure changes nothing and exact retry restores state
MOOLSOCIAL_STARTUP stage=bootFailure
MOOLSOCIAL_STARTUP stage=setup snapshot=false setupComplete=false completedSetupVersion=0 requiredSetupVersion=5 authenticated=false
02:24 +80: C:/GUARANTEED OUTCOME/MOOLSOCIAL-PRODUCTION/apps/mobile/test/eat_vertical_slice_test.dart: food order completes add, duplicate merge, payment, tracking and rating
02:24 +80: C:/GUARANTEED OUTCOME/MOOLSOCIAL-PRODUCTION/apps/mobile/test/journey_session_test.dart: account bootstrap timeout reaches a retryable boot failure
MOOLSOCIAL_STARTUP stage=bootFailure
02:24 +81: C:/GUARANTEED OUTCOME/MOOLSOCIAL-PRODUCTION/apps/mobile/test/eat_vertical_slice_test.dart: food order completes add, duplicate merge, payment, tracking and rating
02:24 +81: C:/GUARANTEED OUTCOME/MOOLSOCIAL-PRODUCTION/apps/mobile/test/journey_session_test.dart: legacy completed setup must show approved Screen 02 once
MOOLSOCIAL_STARTUP stage=setup snapshot=true setupComplete=true completedSetupVersion=1 requiredSetupVersion=5 authenticated=false
02:24 +82: C:/GUARANTEED OUTCOME/MOOLSOCIAL-PRODUCTION/apps/mobile/test/eat_vertical_slice_test.dart: food order completes add, duplicate merge, payment, tracking and rating
02:24 +82: C:/GUARANTEED OUTCOME/MOOLSOCIAL-PRODUCTION/apps/mobile/test/journey_session_test.dart: completed Screen 02 V4 must show corrected Screen 02 V5 once
MOOLSOCIAL_STARTUP stage=setup snapshot=true setupComplete=true completedSetupVersion=4 requiredSetupVersion=5 authenticated=false
02:24 +83: C:/GUARANTEED OUTCOME/MOOLSOCIAL-PRODUCTION/apps/mobile/test/eat_vertical_slice_test.dart: food order completes add, duplicate merge, payment, tracking and rating
02:24 +83: C:/GUARANTEED OUTCOME/MOOLSOCIAL-PRODUCTION/apps/mobile/test/journey_session_test.dart: unrelated persistence cannot claim required Screen 02 completion
MOOLSOCIAL_STARTUP stage=setup snapshot=true setupComplete=true completedSetupVersion=4 requiredSetupVersion=5 authenticated=false
MOOLSOCIAL_STARTUP stage=setup snapshot=true setupComplete=true completedSetupVersion=4 requiredSetupVersion=5 authenticated=false
02:24 +84: C:/GUARANTEED OUTCOME/MOOLSOCIAL-PRODUCTION/apps/mobile/test/eat_vertical_slice_test.dart: food order completes add, duplicate merge, payment, tracking and rating
02:24 +84: C:/GUARANTEED OUTCOME/MOOLSOCIAL-PRODUCTION/apps/mobile/test/journey_session_test.dart: fresh protected route cannot manufacture Screen 02 completion
MOOLSOCIAL_STARTUP stage=setup snapshot=true setupComplete=false completedSetupVersion=0 requiredSetupVersion=5 authenticated=false
02:24 +85: C:/GUARANTEED OUTCOME/MOOLSOCIAL-PRODUCTION/apps/mobile/test/eat_vertical_slice_test.dart: food order completes add, duplicate merge, payment, tracking and rating
02:24 +85: C:/GUARANTEED OUTCOME/MOOLSOCIAL-PRODUCTION/apps/mobile/test/journey_session_test.dart: authenticated legacy setup returns ready after approved Screen 02
MOOLSOCIAL_STARTUP stage=setup snapshot=true setupComplete=true completedSetupVersion=1 requiredSetupVersion=5 authenticated=true
02:24 +86: C:/GUARANTEED OUTCOME/MOOLSOCIAL-PRODUCTION/apps/mobile/test/eat_vertical_slice_test.dart: food order completes add, duplicate merge, payment, tracking and rating
02:24 +86: C:/GUARANTEED OUTCOME/MOOLSOCIAL-PRODUCTION/apps/mobile/test/journey_session_test.dart: expired OTP fails, resend is cooled down, then retry succeeds
MOOLSOCIAL_STARTUP stage=setup snapshot=false setupComplete=false completedSetupVersion=0 requiredSetupVersion=5 authenticated=false
02:24 +87: C:/GUARANTEED OUTCOME/MOOLSOCIAL-PRODUCTION/apps/mobile/test/eat_vertical_slice_test.dart: food order completes add, duplicate merge, payment, tracking and rating
02:24 +87: C:/GUARANTEED OUTCOME/MOOLSOCIAL-PRODUCTION/apps/mobile/test/journey_session_test.dart: successful verification is idempotent
MOOLSOCIAL_STARTUP stage=setup snapshot=false setupComplete=false completedSetupVersion=0 requiredSetupVersion=5 authenticated=false
02:24 +88: C:/GUARANTEED OUTCOME/MOOLSOCIAL-PRODUCTION/apps/mobile/test/eat_vertical_slice_test.dart: food order completes add, duplicate merge, payment, tracking and rating
02:24 +88: C:/GUARANTEED OUTCOME/MOOLSOCIAL-PRODUCTION/apps/mobile/test/journey_session_test.dart: profile preferences persist and failed writes restore safe values
MOOLSOCIAL_STARTUP stage=ready snapshot=true setupComplete=true completedSetupVersion=5 requiredSetupVersion=5 authenticated=true
02:24 +89: C:/GUARANTEED OUTCOME/MOOLSOCIAL-PRODUCTION/apps/mobile/test/eat_vertical_slice_test.dart: food order completes add, duplicate merge, payment, tracking and rating
02:26 +89: C:/GUARANTEED OUTCOME/MOOLSOCIAL-PRODUCTION/apps/mobile/test/journey01_test.dart: clean install asks before resolving the current area
MOOLSOCIAL_STARTUP stage=setup snapshot=false setupComplete=false completedSetupVersion=0 requiredSetupVersion=5 authenticated=false
02:26 +90: C:/GUARANTEED OUTCOME/MOOLSOCIAL-PRODUCTION/apps/mobile/test/eat_vertical_slice_test.dart: food order completes add, duplicate merge, payment, tracking and rating
02:27 +90: C:/GUARANTEED OUTCOME/MOOLSOCIAL-PRODUCTION/apps/mobile/test/journey01_test.dart: boot failure exact retry returns to the safe setup screen
MOOLSOCIAL_STARTUP stage=bootFailure
MOOLSOCIAL_STARTUP stage=setup snapshot=false setupComplete=false completedSetupVersion=0 requiredSetupVersion=5 authenticated=false
02:28 +91: C:/GUARANTEED OUTCOME/MOOLSOCIAL-PRODUCTION/apps/mobile/test/eat_vertical_slice_test.dart: food order completes add, duplicate merge, payment, tracking and rating
02:30 +91: C:/GUARANTEED OUTCOME/MOOLSOCIAL-PRODUCTION/apps/mobile/test/journey01_test.dart: phone language is summarized and retained through setup
MOOLSOCIAL_STARTUP stage=setup snapshot=false setupComplete=false completedSetupVersion=0 requiredSetupVersion=5 authenticated=false
02:30 +92: C:/GUARANTEED OUTCOME/MOOLSOCIAL-PRODUCTION/apps/mobile/test/eat_vertical_slice_test.dart: food order completes add, duplicate merge, payment, tracking and rating
02:30 +93: C:/GUARANTEED OUTCOME/MOOLSOCIAL-PRODUCTION/apps/mobile/test/eat_vertical_slice_test.dart: food order completes add, duplicate merge, payment, tracking and rating
02:31 +93: C:/GUARANTEED OUTCOME/MOOLSOCIAL-PRODUCTION/apps/mobile/test/journey01_test.dart: unavailable current area can continue without branching
MOOLSOCIAL_STARTUP stage=setup snapshot=false setupComplete=false completedSetupVersion=0 requiredSetupVersion=5 authenticated=false
02:31 +94: C:/GUARANTEED OUTCOME/MOOLSOCIAL-PRODUCTION/apps/mobile/test/eat_vertical_slice_test.dart: food order completes add, duplicate merge, payment, tracking and rating
02:32 +94: C:/GUARANTEED OUTCOME/MOOLSOCIAL-PRODUCTION/apps/mobile/test/journey01_test.dart: area failure retries without exposing a pre-login area form
MOOLSOCIAL_STARTUP stage=setup snapshot=false setupComplete=false completedSetupVersion=0 requiredSetupVersion=5 authenticated=false
02:32 +95: C:/GUARANTEED OUTCOME/MOOLSOCIAL-PRODUCTION/apps/mobile/test/eat_vertical_slice_test.dart: food order completes add, duplicate merge, payment, tracking and rating
02:32 +95: C:/GUARANTEED OUTCOME/MOOLSOCIAL-PRODUCTION/apps/mobile/test/journey01_test.dart: invalid mobile and OTP remain recoverable
MOOLSOCIAL_STARTUP stage=setup snapshot=false setupComplete=false completedSetupVersion=0 requiredSetupVersion=5 authenticated=false
02:32 +95: C:/GUARANTEED OUTCOME/MOOLSOCIAL-PRODUCTION/apps/mobile/test/eat_vertical_slice_test.dart: food order completes add, duplicate merge, payment, tracking and rating
MOOLSOCIAL_STARTUP stage=ready snapshot=true setupComplete=true completedSetupVersion=5 requiredSetupVersion=5 authenticated=true
02:33 +96: C:/GUARANTEED OUTCOME/MOOLSOCIAL-PRODUCTION/apps/mobile/test/manufacturer_vertical_slice_test.dart: screen 107 exposes every operating owner, filters orders and exactly retries supply
02:40 +97: C:/GUARANTEED OUTCOME/MOOLSOCIAL-PRODUCTION/apps/mobile/test/manufacturer_vertical_slice_test.dart: screen 107 exposes every operating owner, filters orders and exactly retries supply
02:40 +97: C:/GUARANTEED OUTCOME/MOOLSOCIAL-PRODUCTION/apps/mobile/test/journey01_test.dart: request failure retains state and exact retry succeeds
MOOLSOCIAL_STARTUP stage=setup snapshot=false setupComplete=false completedSetupVersion=0 requiredSetupVersion=5 authenticated=false
02:41 +97: C:/GUARANTEED OUTCOME/MOOLSOCIAL-PRODUCTION/apps/mobile/test/creator_vertical_slice_test.dart: screen 126 covers every content state, empty recovery and owned next action
MOOLSOCIAL_STARTUP stage=ready snapshot=true setupComplete=true completedSetupVersion=5 requiredSetupVersion=5 authenticated=true
02:41 +98: C:/GUARANTEED OUTCOME/MOOLSOCIAL-PRODUCTION/apps/mobile/test/manufacturer_vertical_slice_test.dart: screen 107 exposes every operating owner, filters orders and exactly retries supply
02:42 +98: C:/GUARANTEED OUTCOME/MOOLSOCIAL-PRODUCTION/apps/mobile/test/eat_vertical_slice_test.dart: food empty, search, unavailable and cancellation paths are safe
MOOLSOCIAL_STARTUP stage=ready snapshot=true setupComplete=true completedSetupVersion=5 requiredSetupVersion=5 authenticated=true
02:42 +99: C:/GUARANTEED OUTCOME/MOOLSOCIAL-PRODUCTION/apps/mobile/test/manufacturer_vertical_slice_test.dart: screen 107 exposes every operating owner, filters orders and exactly retries supply
02:43 +100: C:/GUARANTEED OUTCOME/MOOLSOCIAL-PRODUCTION/apps/mobile/test/manufacturer_vertical_slice_test.dart: screen 107 exposes every operating owner, filters orders and exactly retries supply
02:45 +100: C:/GUARANTEED OUTCOME/MOOLSOCIAL-PRODUCTION/apps/mobile/test/eat_vertical_slice_test.dart: payment failure creates no order and exact retry succeeds
MOOLSOCIAL_STARTUP stage=ready snapshot=true setupComplete=true completedSetupVersion=5 requiredSetupVersion=5 authenticated=true
02:45 +101: C:/GUARANTEED OUTCOME/MOOLSOCIAL-PRODUCTION/apps/mobile/test/manufacturer_vertical_slice_test.dart: screen 107 exposes every operating owner, filters orders and exactly retries supply
02:45 +101: C:/GUARANTEED OUTCOME/MOOLSOCIAL-PRODUCTION/apps/mobile/test/eat_vertical_slice_test.dart: home voice and table QR invalid input stays visible then succeeds
MOOLSOCIAL_STARTUP stage=ready snapshot=true setupComplete=true completedSetupVersion=5 requiredSetupVersion=5 authenticated=true
02:47 +101: C:/GUARANTEED OUTCOME/MOOLSOCIAL-PRODUCTION/apps/mobile/test/journey01_test.dart: change mobile cancels verification without losing setup
MOOLSOCIAL_STARTUP stage=setup snapshot=false setupComplete=false completedSetupVersion=0 requiredSetupVersion=5 authenticated=false
02:47 +102: C:/GUARANTEED OUTCOME/MOOLSOCIAL-PRODUCTION/apps/mobile/test/manufacturer_vertical_slice_test.dart: screen 107 exposes every operating owner, filters orders and exactly retries supply
02:50 +102: C:/GUARANTEED OUTCOME/MOOLSOCIAL-PRODUCTION/apps/mobile/test/journey01_test.dart: protected deep link survives setup and sign-in
MOOLSOCIAL_STARTUP stage=setup snapshot=false setupComplete=false completedSetupVersion=0 requiredSetupVersion=5 authenticated=false
02:50 +103: C:/GUARANTEED OUTCOME/MOOLSOCIAL-PRODUCTION/apps/mobile/test/manufacturer_vertical_slice_test.dart: screen 107 exposes every operating owner, filters orders and exactly retries supply
02:50 +103: C:/GUARANTEED OUTCOME/MOOLSOCIAL-PRODUCTION/apps/mobile/test/creator_vertical_slice_test.dart: screens 127 and 128 cover performance, export, audience, sharing and community routes
MOOLSOCIAL_STARTUP stage=ready snapshot=true setupComplete=true completedSetupVersion=5 requiredSetupVersion=5 authenticated=true
02:50 +104: C:/GUARANTEED OUTCOME/MOOLSOCIAL-PRODUCTION/apps/mobile/test/manufacturer_vertical_slice_test.dart: screen 107 exposes every operating owner, filters orders and exactly retries supply
02:54 +105: C:/GUARANTEED OUTCOME/MOOLSOCIAL-PRODUCTION/apps/mobile/test/manufacturer_vertical_slice_test.dart: screen 107 exposes every operating owner, filters orders and exactly retries supply
02:57 +105: C:/GUARANTEED OUTCOME/MOOLSOCIAL-PRODUCTION/apps/mobile/test/journey01_test.dart: Mool returns to the previously focused primary section
MOOLSOCIAL_STARTUP stage=setup snapshot=false setupComplete=false completedSetupVersion=0 requiredSetupVersion=5 authenticated=false
02:57 +106: C:/GUARANTEED OUTCOME/MOOLSOCIAL-PRODUCTION/apps/mobile/test/manufacturer_vertical_slice_test.dart: screen 107 exposes every operating owner, filters orders and exactly retries supply
02:57 +106: C:/GUARANTEED OUTCOME/MOOLSOCIAL-PRODUCTION/apps/mobile/test/creator_vertical_slice_test.dart: screen 129 covers every campaign tab and exact funded acceptance retry
MOOLSOCIAL_STARTUP stage=ready snapshot=true setupComplete=true completedSetupVersion=5 requiredSetupVersion=5 authenticated=true
02:57 +107: C:/GUARANTEED OUTCOME/MOOLSOCIAL-PRODUCTION/apps/mobile/test/manufacturer_vertical_slice_test.dart: screen 107 exposes every operating owner, filters orders and exactly retries supply
02:58 +107: C:/GUARANTEED OUTCOME/MOOLSOCIAL-PRODUCTION/apps/mobile/test/eat_vertical_slice_test.dart: table booking confirms, exposes actions and cancels safely
MOOLSOCIAL_STARTUP stage=ready snapshot=true setupComplete=true completedSetupVersion=5 requiredSetupVersion=5 authenticated=true
02:58 +108: C:/GUARANTEED OUTCOME/MOOLSOCIAL-PRODUCTION/apps/mobile/test/manufacturer_vertical_slice_test.dart: screen 107 exposes every operating owner, filters orders and exactly retries supply
03:02 +108: C:/GUARANTEED OUTCOME/MOOLSOCIAL-PRODUCTION/apps/mobile/test/eat_vertical_slice_test.dart: table retry and unavailable restaurant preserve selections
MOOLSOCIAL_STARTUP stage=ready snapshot=true setupComplete=true completedSetupVersion=5 requiredSetupVersion=5 authenticated=true
03:02 +109: C:/GUARANTEED OUTCOME/MOOLSOCIAL-PRODUCTION/apps/mobile/test/manufacturer_vertical_slice_test.dart: screen 107 exposes every operating owner, filters orders and exactly retries supply
03:02 +109: C:/GUARANTEED OUTCOME/MOOLSOCIAL-PRODUCTION/apps/mobile/test/eat_vertical_slice_test.dart: tiffin plan starts and supports skip, pause, resume and cancel
MOOLSOCIAL_STARTUP stage=ready snapshot=true setupComplete=true completedSetupVersion=5 requiredSetupVersion=5 authenticated=true
03:04 +109: C:/GUARANTEED OUTCOME/MOOLSOCIAL-PRODUCTION/apps/mobile/test/creator_vertical_slice_test.dart: screen 130 opens every ledger record and exactly retries statement
MOOLSOCIAL_STARTUP stage=ready snapshot=true setupComplete=true completedSetupVersion=5 requiredSetupVersion=5 authenticated=true
03:04 +110: C:/GUARANTEED OUTCOME/MOOLSOCIAL-PRODUCTION/apps/mobile/test/manufacturer_vertical_slice_test.dart: screen 107 exposes every operating owner, filters orders and exactly retries supply
03:10 +111: C:/GUARANTEED OUTCOME/MOOLSOCIAL-PRODUCTION/apps/mobile/test/manufacturer_vertical_slice_test.dart: screen 107 exposes every operating owner, filters orders and exactly retries supply
03:11 +111: C:/GUARANTEED OUTCOME/MOOLSOCIAL-PRODUCTION/apps/mobile/test/journey01_test.dart: universal screen visible controls complete their tap intents
MOOLSOCIAL_STARTUP stage=setup snapshot=false setupComplete=false completedSetupVersion=0 requiredSetupVersion=5 authenticated=false
03:11 +112: C:/GUARANTEED OUTCOME/MOOLSOCIAL-PRODUCTION/apps/mobile/test/manufacturer_vertical_slice_test.dart: screen 107 exposes every operating owner, filters orders and exactly retries supply
03:11 +112: C:/GUARANTEED OUTCOME/MOOLSOCIAL-PRODUCTION/apps/mobile/test/creator_vertical_slice_test.dart: screen 131 opens every control and exactly retries one rights appeal
MOOLSOCIAL_STARTUP stage=ready snapshot=true setupComplete=true completedSetupVersion=5 requiredSetupVersion=5 authenticated=true
03:11 +113: C:/GUARANTEED OUTCOME/MOOLSOCIAL-PRODUCTION/apps/mobile/test/manufacturer_vertical_slice_test.dart: screen 107 exposes every operating owner, filters orders and exactly retries supply
03:12 +113: C:/GUARANTEED OUTCOME/MOOLSOCIAL-PRODUCTION/apps/mobile/test/eat_vertical_slice_test.dart: tiffin invalid address, paused kitchen and retry are explicit
MOOLSOCIAL_STARTUP stage=ready snapshot=true setupComplete=true completedSetupVersion=5 requiredSetupVersion=5 authenticated=true
03:12 +114: C:/GUARANTEED OUTCOME/MOOLSOCIAL-PRODUCTION/apps/mobile/test/manufacturer_vertical_slice_test.dart: screen 107 exposes every operating owner, filters orders and exactly retries supply
03:12 +114: C:/GUARANTEED OUTCOME/MOOLSOCIAL-PRODUCTION/apps/mobile/test/creator_vertical_slice_test.dart: screen 132 covers eligibility, every plan and exact membership retry
MOOLSOCIAL_STARTUP stage=ready snapshot=true setupComplete=true completedSetupVersion=5 requiredSetupVersion=5 authenticated=true
03:12 +115: C:/GUARANTEED OUTCOME/MOOLSOCIAL-PRODUCTION/apps/mobile/test/manufacturer_vertical_slice_test.dart: screen 107 exposes every operating owner, filters orders and exactly retries supply
03:13 +115: C:/GUARANTEED OUTCOME/MOOLSOCIAL-PRODUCTION/apps/mobile/test/creator_vertical_slice_test.dart: offline and unauthorized Creator commands preserve every outcome
MOOLSOCIAL_STARTUP stage=ready snapshot=true setupComplete=true completedSetupVersion=5 requiredSetupVersion=5 authenticated=true
03:13 +116: C:/GUARANTEED OUTCOME/MOOLSOCIAL-PRODUCTION/apps/mobile/test/manufacturer_vertical_slice_test.dart: screen 107 exposes every operating owner, filters orders and exactly retries supply
MOOLSOCIAL_STARTUP stage=ready snapshot=true setupComplete=true completedSetupVersion=5 requiredSetupVersion=5 authenticated=true
03:13 +117: C:/GUARANTEED OUTCOME/MOOLSOCIAL-PRODUCTION/apps/mobile/test/journey01_test.dart: sign-out cancellation and confirmation are explicit
03:13 +117: C:/GUARANTEED OUTCOME/MOOLSOCIAL-PRODUCTION/apps/mobile/test/eat_vertical_slice_test.dart: Food primary controls keep 44px targets on compact phones
MOOLSOCIAL_STARTUP stage=ready snapshot=true setupComplete=true completedSetupVersion=5 requiredSetupVersion=5 authenticated=true
03:13 +118: C:/GUARANTEED OUTCOME/MOOLSOCIAL-PRODUCTION/apps/mobile/test/journey01_test.dart: sign-out cancellation and confirmation are explicit
MOOLSOCIAL_STARTUP stage=setup snapshot=false setupComplete=false completedSetupVersion=0 requiredSetupVersion=5 authenticated=false
03:14 +119: C:/GUARANTEED OUTCOME/MOOLSOCIAL-PRODUCTION/apps/mobile/test/manufacturer_vertical_slice_test.dart: screen 108 opens every book, tool, period, position and tax boundary
03:14 +119: C:/GUARANTEED OUTCOME/MOOLSOCIAL-PRODUCTION/apps/mobile/test/eat_vertical_slice_test.dart: Order notices do not leak into table or tiffin journeys
MOOLSOCIAL_STARTUP stage=ready snapshot=true setupComplete=true completedSetupVersion=5 requiredSetupVersion=5 authenticated=true
03:14 +120: C:/GUARANTEED OUTCOME/MOOLSOCIAL-PRODUCTION/apps/mobile/test/manufacturer_vertical_slice_test.dart: screen 108 opens every book, tool, period, position and tax boundary
MOOLSOCIAL_STARTUP stage=ready snapshot=true setupComplete=true completedSetupVersion=5 requiredSetupVersion=5 authenticated=true
03:16 +121: C:/GUARANTEED OUTCOME/MOOLSOCIAL-PRODUCTION/apps/mobile/test/manufacturer_vertical_slice_test.dart: screen 109 covers master, stock, import tools, invalid product, failure replay and duplicate
MOOLSOCIAL_STARTUP stage=ready snapshot=true setupComplete=true completedSetupVersion=5 requiredSetupVersion=5 authenticated=true
03:20 +122: C:/GUARANTEED OUTCOME/MOOLSOCIAL-PRODUCTION/apps/mobile/test/manufacturer_visual_golden_test.dart: Manufacturer home 412x915 visual baseline
03:20 +122: C:/GUARANTEED OUTCOME/MOOLSOCIAL-PRODUCTION/apps/mobile/test/operations_visual_golden_test.dart: Earn opportunities 133 phone visual baseline
MOOLSOCIAL_STARTUP stage=ready snapshot=true setupComplete=true completedSetupVersion=5 requiredSetupVersion=5 authenticated=true
03:21 +122: C:/GUARANTEED OUTCOME/MOOLSOCIAL-PRODUCTION/apps/mobile/test/manufacturer_visual_golden_test.dart: Manufacturer home 412x915 visual baseline
MOOLSOCIAL_STARTUP stage=ready snapshot=true setupComplete=true completedSetupVersion=5 requiredSetupVersion=5 authenticated=true
03:21 +123: C:/GUARANTEED OUTCOME/MOOLSOCIAL-PRODUCTION/apps/mobile/test/operations_vertical_slice_test.dart: screen 133 covers every opportunity, filter and exact apply retry
03:22 +123: C:/GUARANTEED OUTCOME/MOOLSOCIAL-PRODUCTION/apps/mobile/test/manufacturer_vertical_slice_test.dart: screen 110 covers all decisions, validation, exact order retry, duplicate and fulfilment
MOOLSOCIAL_STARTUP stage=ready snapshot=true setupComplete=true completedSetupVersion=5 requiredSetupVersion=5 authenticated=true
03:22 +124: C:/GUARANTEED OUTCOME/MOOLSOCIAL-PRODUCTION/apps/mobile/test/operations_vertical_slice_test.dart: screen 133 covers every opportunity, filter and exact apply retry
03:22 +124: C:/GUARANTEED OUTCOME/MOOLSOCIAL-PRODUCTION/apps/mobile/test/manufacturer_visual_golden_test.dart: Manufacturer business book 412x915 visual baseline
MOOLSOCIAL_STARTUP stage=ready snapshot=true setupComplete=true completedSetupVersion=5 requiredSetupVersion=5 authenticated=true
03:22 +125: C:/GUARANTEED OUTCOME/MOOLSOCIAL-PRODUCTION/apps/mobile/test/operations_vertical_slice_test.dart: screen 133 covers every opportunity, filter and exact apply retry
03:22 +125: C:/GUARANTEED OUTCOME/MOOLSOCIAL-PRODUCTION/apps/mobile/test/manufacturer_visual_golden_test.dart: Manufacturer catalogue 412x915 visual baseline
MOOLSOCIAL_STARTUP stage=ready snapshot=true setupComplete=true completedSetupVersion=5 requiredSetupVersion=5 authenticated=true
03:23 +126: C:/GUARANTEED OUTCOME/MOOLSOCIAL-PRODUCTION/apps/mobile/test/operations_vertical_slice_test.dart: screen 133 covers every opportunity, filter and exact apply retry
03:23 +126: C:/GUARANTEED OUTCOME/MOOLSOCIAL-PRODUCTION/apps/mobile/test/manufacturer_visual_golden_test.dart: Manufacturer order review 412x915 visual baseline
MOOLSOCIAL_STARTUP stage=ready snapshot=true setupComplete=true completedSetupVersion=5 requiredSetupVersion=5 authenticated=true
03:23 +127: C:/GUARANTEED OUTCOME/MOOLSOCIAL-PRODUCTION/apps/mobile/test/operations_vertical_slice_test.dart: screen 133 covers every opportunity, filter and exact apply retry
03:23 +127: C:/GUARANTEED OUTCOME/MOOLSOCIAL-PRODUCTION/apps/mobile/test/operations_visual_golden_test.dart: Earn applications 134 phone visual baseline
MOOLSOCIAL_STARTUP stage=ready snapshot=true setupComplete=true completedSetupVersion=5 requiredSetupVersion=5 authenticated=true
03:23 +128: C:/GUARANTEED OUTCOME/MOOLSOCIAL-PRODUCTION/apps/mobile/test/operations_vertical_slice_test.dart: screen 133 covers every opportunity, filter and exact apply retry
03:23 +129: C:/GUARANTEED OUTCOME/MOOLSOCIAL-PRODUCTION/apps/mobile/test/operations_vertical_slice_test.dart: screen 133 covers every opportunity, filter and exact apply retry
03:23 +129: C:/GUARANTEED OUTCOME/MOOLSOCIAL-PRODUCTION/apps/mobile/test/manufacturer_visual_golden_test.dart: Manufacturer procurement 412x915 visual baseline
MOOLSOCIAL_STARTUP stage=ready snapshot=true setupComplete=true completedSetupVersion=5 requiredSetupVersion=5 authenticated=true
03:23 +130: C:/GUARANTEED OUTCOME/MOOLSOCIAL-PRODUCTION/apps/mobile/test/operations_vertical_slice_test.dart: screen 133 covers every opportunity, filter and exact apply retry
03:24 +130: C:/GUARANTEED OUTCOME/MOOLSOCIAL-PRODUCTION/apps/mobile/test/operations_visual_golden_test.dart: Earn active work 135 phone visual baseline
MOOLSOCIAL_STARTUP stage=ready snapshot=true setupComplete=true completedSetupVersion=5 requiredSetupVersion=5 authenticated=true
03:24 +131: C:/GUARANTEED OUTCOME/MOOLSOCIAL-PRODUCTION/apps/mobile/test/operations_vertical_slice_test.dart: screen 133 covers every opportunity, filter and exact apply retry
03:24 +131: C:/GUARANTEED OUTCOME/MOOLSOCIAL-PRODUCTION/apps/mobile/test/operations_visual_golden_test.dart: Earn proof 136 phone visual baseline
MOOLSOCIAL_STARTUP stage=ready snapshot=true setupComplete=true completedSetupVersion=5 requiredSetupVersion=5 authenticated=true
03:24 +131: C:/GUARANTEED OUTCOME/MOOLSOCIAL-PRODUCTION/apps/mobile/test/manufacturer_vertical_slice_test.dart: screen 111 compares every input and completes protected PO and receipt after exact retry
MOOLSOCIAL_STARTUP stage=ready snapshot=true setupComplete=true completedSetupVersion=5 requiredSetupVersion=5 authenticated=true
03:24 +132: C:/GUARANTEED OUTCOME/MOOLSOCIAL-PRODUCTION/apps/mobile/test/operations_vertical_slice_test.dart: screen 133 covers every opportunity, filter and exact apply retry
03:24 +132: C:/GUARANTEED OUTCOME/MOOLSOCIAL-PRODUCTION/apps/mobile/test/manufacturer_visual_golden_test.dart: Manufacturer dispatch 412x915 visual baseline
MOOLSOCIAL_STARTUP stage=ready snapshot=true setupComplete=true completedSetupVersion=5 requiredSetupVersion=5 authenticated=true
03:24 +133: C:/GUARANTEED OUTCOME/MOOLSOCIAL-PRODUCTION/apps/mobile/test/operations_vertical_slice_test.dart: screen 133 covers every opportunity, filter and exact apply retry
03:24 +133: C:/GUARANTEED OUTCOME/MOOLSOCIAL-PRODUCTION/apps/mobile/test/manufacturer_visual_golden_test.dart: Manufacturer growth 412x915 visual baseline
MOOLSOCIAL_STARTUP stage=ready snapshot=true setupComplete=true completedSetupVersion=5 requiredSetupVersion=5 authenticated=true
03:24 +134: C:/GUARANTEED OUTCOME/MOOLSOCIAL-PRODUCTION/apps/mobile/test/operations_vertical_slice_test.dart: screen 133 covers every opportunity, filter and exact apply retry
03:24 +135: C:/GUARANTEED OUTCOME/MOOLSOCIAL-PRODUCTION/apps/mobile/test/operations_vertical_slice_test.dart: screen 133 covers every opportunity, filter and exact apply retry
03:25 +135: C:/GUARANTEED OUTCOME/MOOLSOCIAL-PRODUCTION/apps/mobile/test/manufacturer_visual_golden_test.dart: Manufacturer control 412x915 visual baseline
MOOLSOCIAL_STARTUP stage=ready snapshot=true setupComplete=true completedSetupVersion=5 requiredSetupVersion=5 authenticated=true
03:25 +136: C:/GUARANTEED OUTCOME/MOOLSOCIAL-PRODUCTION/apps/mobile/test/operations_vertical_slice_test.dart: screen 133 covers every opportunity, filter and exact apply retry
03:25 +136: C:/GUARANTEED OUTCOME/MOOLSOCIAL-PRODUCTION/apps/mobile/test/operations_visual_golden_test.dart: Earn earnings 137 phone visual baseline
MOOLSOCIAL_STARTUP stage=ready snapshot=true setupComplete=true completedSetupVersion=5 requiredSetupVersion=5 authenticated=true
03:25 +137: C:/GUARANTEED OUTCOME/MOOLSOCIAL-PRODUCTION/apps/mobile/test/operations_vertical_slice_test.dart: screen 133 covers every opportunity, filter and exact apply retry
03:25 +137: C:/GUARANTEED OUTCOME/MOOLSOCIAL-PRODUCTION/apps/mobile/test/manufacturer_visual_golden_test.dart: Manufacturer services 412x915 visual baseline
MOOLSOCIAL_STARTUP stage=ready snapshot=true setupComplete=true completedSetupVersion=5 requiredSetupVersion=5 authenticated=true
03:25 +138: C:/GUARANTEED OUTCOME/MOOLSOCIAL-PRODUCTION/apps/mobile/test/operations_vertical_slice_test.dart: screen 133 covers every opportunity, filter and exact apply retry
03:25 +138: C:/GUARANTEED OUTCOME/MOOLSOCIAL-PRODUCTION/apps/mobile/test/operations_visual_golden_test.dart: Earn history 138 phone visual baseline
MOOLSOCIAL_STARTUP stage=ready snapshot=true setupComplete=true completedSetupVersion=5 requiredSetupVersion=5 authenticated=true
03:25 +139: C:/GUARANTEED OUTCOME/MOOLSOCIAL-PRODUCTION/apps/mobile/test/operations_vertical_slice_test.dart: screen 133 covers every opportunity, filter and exact apply retry
03:25 +139: C:/GUARANTEED OUTCOME/MOOLSOCIAL-PRODUCTION/apps/mobile/test/manufacturer_vertical_slice_test.dart: screen 112 requires documents and fleet identity then replays dispatch and receipt once
MOOLSOCIAL_STARTUP stage=ready snapshot=true setupComplete=true completedSetupVersion=5 requiredSetupVersion=5 authenticated=true
03:25 +140: C:/GUARANTEED OUTCOME/MOOLSOCIAL-PRODUCTION/apps/mobile/test/operations_vertical_slice_test.dart: screen 133 covers every opportunity, filter and exact apply retry
03:25 +140: C:/GUARANTEED OUTCOME/MOOLSOCIAL-PRODUCTION/apps/mobile/test/manufacturer_vertical_slice_test.dart: screen 113 covers every growth tab and publishes one capped campaign after exact retry
MOOLSOCIAL_STARTUP stage=ready snapshot=true setupComplete=true completedSetupVersion=5 requiredSetupVersion=5 authenticated=true
03:25 +140: C:/GUARANTEED OUTCOME/MOOLSOCIAL-PRODUCTION/apps/mobile/test/operations_visual_golden_test.dart: Provider home 139 phone visual baseline
MOOLSOCIAL_STARTUP stage=ready snapshot=true setupComplete=true completedSetupVersion=5 requiredSetupVersion=5 authenticated=true
03:26 +141: C:/GUARANTEED OUTCOME/MOOLSOCIAL-PRODUCTION/apps/mobile/test/operations_vertical_slice_test.dart: screen 133 covers every opportunity, filter and exact apply retry
03:26 +141: C:/GUARANTEED OUTCOME/MOOLSOCIAL-PRODUCTION/apps/mobile/test/operations_visual_golden_test.dart: Provider catalogue 140 phone visual baseline
MOOLSOCIAL_STARTUP stage=ready snapshot=true setupComplete=true completedSetupVersion=5 requiredSetupVersion=5 authenticated=true
03:26 +142: C:/GUARANTEED OUTCOME/MOOLSOCIAL-PRODUCTION/apps/mobile/test/operations_vertical_slice_test.dart: screen 133 covers every opportunity, filter and exact apply retry
MOOLSOCIAL_STARTUP stage=ready snapshot=true setupComplete=true completedSetupVersion=5 requiredSetupVersion=5 authenticated=true
03:26 +143: C:/GUARANTEED OUTCOME/MOOLSOCIAL-PRODUCTION/apps/mobile/test/manufacturer_vertical_slice_test.dart: screen 113 covers every growth tab and publishes one capped campaign after exact retry
03:26 +143: C:/GUARANTEED OUTCOME/MOOLSOCIAL-PRODUCTION/apps/mobile/test/operations_visual_golden_test.dart: Provider availability 141 phone visual baseline
MOOLSOCIAL_STARTUP stage=ready snapshot=true setupComplete=true completedSetupVersion=5 requiredSetupVersion=5 authenticated=true
03:26 +144: C:/GUARANTEED OUTCOME/MOOLSOCIAL-PRODUCTION/apps/mobile/test/manufacturer_vertical_slice_test.dart: screen 113 covers every growth tab and publishes one capped campaign after exact retry
03:26 +144: C:/GUARANTEED OUTCOME/MOOLSOCIAL-PRODUCTION/apps/mobile/test/operations_visual_golden_test.dart: Provider requests 142 phone visual baseline
MOOLSOCIAL_STARTUP stage=ready snapshot=true setupComplete=true completedSetupVersion=5 requiredSetupVersion=5 authenticated=true
03:27 +145: C:/GUARANTEED OUTCOME/MOOLSOCIAL-PRODUCTION/apps/mobile/test/operations_vertical_slice_test.dart: screen 134 covers tabs, states and exact approved-work retry
03:27 +146: C:/GUARANTEED OUTCOME/MOOLSOCIAL-PRODUCTION/apps/mobile/test/operations_vertical_slice_test.dart: screen 134 covers tabs, states and exact approved-work retry
03:27 +146: C:/GUARANTEED OUTCOME/MOOLSOCIAL-PRODUCTION/apps/mobile/test/operations_visual_golden_test.dart: Provider fulfilment 143 phone visual baseline
MOOLSOCIAL_STARTUP stage=ready snapshot=true setupComplete=true completedSetupVersion=5 requiredSetupVersion=5 authenticated=true
03:27 +147: C:/GUARANTEED OUTCOME/MOOLSOCIAL-PRODUCTION/apps/mobile/test/operations_vertical_slice_test.dart: screen 134 covers tabs, states and exact approved-work retry
03:27 +147: C:/GUARANTEED OUTCOME/MOOLSOCIAL-PRODUCTION/apps/mobile/test/operations_visual_golden_test.dart: Provider business 144 phone visual baseline
MOOLSOCIAL_STARTUP stage=ready snapshot=true setupComplete=true completedSetupVersion=5 requiredSetupVersion=5 authenticated=true
03:28 +148: C:/GUARANTEED OUTCOME/MOOLSOCIAL-PRODUCTION/apps/mobile/test/operations_vertical_slice_test.dart: screen 134 covers tabs, states and exact approved-work retry
03:28 +148: C:/GUARANTEED OUTCOME/MOOLSOCIAL-PRODUCTION/apps/mobile/test/operations_visual_golden_test.dart: Provider growth 145 phone visual baseline
MOOLSOCIAL_STARTUP stage=ready snapshot=true setupComplete=true completedSetupVersion=5 requiredSetupVersion=5 authenticated=true
03:28 +148: C:/GUARANTEED OUTCOME/MOOLSOCIAL-PRODUCTION/apps/mobile/test/operations_vertical_slice_test.dart: screen 134 covers tabs, states and exact approved-work retry
MOOLSOCIAL_STARTUP stage=ready snapshot=true setupComplete=true completedSetupVersion=5 requiredSetupVersion=5 authenticated=true
03:28 +149: C:/GUARANTEED OUTCOME/MOOLSOCIAL-PRODUCTION/apps/mobile/test/manufacturer_vertical_slice_test.dart: screen 114 completes claim, team, settings and support branches with exact replays
03:28 +150: C:/GUARANTEED OUTCOME/MOOLSOCIAL-PRODUCTION/apps/mobile/test/manufacturer_vertical_slice_test.dart: screen 114 completes claim, team, settings and support branches with exact replays
03:28 +150: C:/GUARANTEED OUTCOME/MOOLSOCIAL-PRODUCTION/apps/mobile/test/operations_visual_golden_test.dart: Provider control 146 phone visual baseline
MOOLSOCIAL_STARTUP stage=ready snapshot=true setupComplete=true completedSetupVersion=5 requiredSetupVersion=5 authenticated=true
03:28 +151: C:/GUARANTEED OUTCOME/MOOLSOCIAL-PRODUCTION/apps/mobile/test/manufacturer_vertical_slice_test.dart: screen 114 completes claim, team, settings and support branches with exact replays
03:31 +151: C:/GUARANTEED OUTCOME/MOOLSOCIAL-PRODUCTION/apps/mobile/test/operations_vertical_slice_test.dart: screen 135 keeps bounded work, proof and exact support retry
MOOLSOCIAL_STARTUP stage=ready snapshot=true setupComplete=true completedSetupVersion=5 requiredSetupVersion=5 authenticated=true
03:31 +152: C:/GUARANTEED OUTCOME/MOOLSOCIAL-PRODUCTION/apps/mobile/test/manufacturer_vertical_slice_test.dart: screen 114 completes claim, team, settings and support branches with exact replays
MOOLSOCIAL_STARTUP stage=ready snapshot=true setupComplete=true completedSetupVersion=5 requiredSetupVersion=5 authenticated=true
03:31 +153: C:/GUARANTEED OUTCOME/MOOLSOCIAL-PRODUCTION/apps/mobile/test/pay_vertical_slice_test.dart: recharge verifies account, shows plan and completes one bank-backed receipt
03:33 +153: C:/GUARANTEED OUTCOME/MOOLSOCIAL-PRODUCTION/apps/mobile/test/operations_vertical_slice_test.dart: screen 136 covers proof invalid, help and exact outcome retry
MOOLSOCIAL_STARTUP stage=ready snapshot=true setupComplete=true completedSetupVersion=5 requiredSetupVersion=5 authenticated=true
03:33 +154: C:/GUARANTEED OUTCOME/MOOLSOCIAL-PRODUCTION/apps/mobile/test/pay_vertical_slice_test.dart: recharge verifies account, shows plan and completes one bank-backed receipt
03:33 +154: C:/GUARANTEED OUTCOME/MOOLSOCIAL-PRODUCTION/apps/mobile/test/manufacturer_vertical_slice_test.dart: screen 115 reviews all services and submits one approved request after exact replay
MOOLSOCIAL_STARTUP stage=ready snapshot=true setupComplete=true completedSetupVersion=5 requiredSetupVersion=5 authenticated=true
03:33 +155: C:/GUARANTEED OUTCOME/MOOLSOCIAL-PRODUCTION/apps/mobile/test/pay_vertical_slice_test.dart: recharge verifies account, shows plan and completes one bank-backed receipt
03:33 +155: C:/GUARANTEED OUTCOME/MOOLSOCIAL-PRODUCTION/apps/mobile/test/manufacturer_vertical_slice_test.dart: offline and unauthorized manufacturer actions preserve every protected outcome
MOOLSOCIAL_STARTUP stage=ready snapshot=true setupComplete=true completedSetupVersion=5 requiredSetupVersion=5 authenticated=true
03:33 +156: C:/GUARANTEED OUTCOME/MOOLSOCIAL-PRODUCTION/apps/mobile/test/pay_vertical_slice_test.dart: recharge verifies account, shows plan and completes one bank-backed receipt
03:34 +157: C:/GUARANTEED OUTCOME/MOOLSOCIAL-PRODUCTION/apps/mobile/test/pay_vertical_slice_test.dart: recharge verifies account, shows plan and completes one bank-backed receipt
03:34 +158: C:/GUARANTEED OUTCOME/MOOLSOCIAL-PRODUCTION/apps/mobile/test/pay_vertical_slice_test.dart: recharge verifies account, shows plan and completes one bank-backed receipt
03:34 +159: C:/GUARANTEED OUTCOME/MOOLSOCIAL-PRODUCTION/apps/mobile/test/pay_vertical_slice_test.dart: recharge verifies account, shows plan and completes one bank-backed receipt
03:34 +160: C:/GUARANTEED OUTCOME/MOOLSOCIAL-PRODUCTION/apps/mobile/test/pay_vertical_slice_test.dart: recharge verifies account, shows plan and completes one bank-backed receipt
03:34 +161: C:/GUARANTEED OUTCOME/MOOLSOCIAL-PRODUCTION/apps/mobile/test/pay_vertical_slice_test.dart: recharge verifies account, shows plan and completes one bank-backed receipt
03:35 +161: C:/GUARANTEED OUTCOME/MOOLSOCIAL-PRODUCTION/apps/mobile/test/operations_vertical_slice_test.dart: screens 137 and 138 cover ledger, statement and all history owners
MOOLSOCIAL_STARTUP stage=ready snapshot=true setupComplete=true completedSetupVersion=5 requiredSetupVersion=5 authenticated=true
03:35 +162: C:/GUARANTEED OUTCOME/MOOLSOCIAL-PRODUCTION/apps/mobile/test/pay_vertical_slice_test.dart: recharge verifies account, shows plan and completes one bank-backed receipt
MOOLSOCIAL_STARTUP stage=ready snapshot=true setupComplete=true completedSetupVersion=5 requiredSetupVersion=5 authenticated=true
03:35 +163: C:/GUARANTEED OUTCOME/MOOLSOCIAL-PRODUCTION/apps/mobile/test/operations_vertical_slice_test.dart: screen 139 opens every provider workspace owner route
03:39 +163: C:/GUARANTEED OUTCOME/MOOLSOCIAL-PRODUCTION/apps/mobile/test/pay_vertical_slice_test.dart: recharge empty, provider failure and payment failure replay without duplicate debit
MOOLSOCIAL_STARTUP stage=ready snapshot=true setupComplete=true completedSetupVersion=5 requiredSetupVersion=5 authenticated=true
03:39 +164: C:/GUARANTEED OUTCOME/MOOLSOCIAL-PRODUCTION/apps/mobile/test/operations_vertical_slice_test.dart: screen 139 opens every provider workspace owner route
03:39 +164: C:/GUARANTEED OUTCOME/MOOLSOCIAL-PRODUCTION/apps/mobile/test/pay_vertical_slice_test.dart: bill fetch validates and completes the selected due bill
MOOLSOCIAL_STARTUP stage=ready snapshot=true setupComplete=true completedSetupVersion=5 requiredSetupVersion=5 authenticated=true
03:41 +165: C:/GUARANTEED OUTCOME/MOOLSOCIAL-PRODUCTION/apps/mobile/test/operations_vertical_slice_test.dart: screen 139 opens every provider workspace owner route
03:41 +165: C:/GUARANTEED OUTCOME/MOOLSOCIAL-PRODUCTION/apps/mobile/test/pay_vertical_slice_test.dart: scan permission denied, invalid UPI and valid payee paths complete visibly
MOOLSOCIAL_STARTUP stage=ready snapshot=true setupComplete=true completedSetupVersion=5 requiredSetupVersion=5 authenticated=true
03:43 +165: C:/GUARANTEED OUTCOME/MOOLSOCIAL-PRODUCTION/apps/mobile/test/retailer_books_visual_golden_test.dart: Business Book 412x915 visual baseline
MOOLSOCIAL_STARTUP stage=ready snapshot=true setupComplete=true completedSetupVersion=5 requiredSetupVersion=5 authenticated=true
03:43 +166: C:/GUARANTEED OUTCOME/MOOLSOCIAL-PRODUCTION/apps/mobile/test/operations_vertical_slice_test.dart: screen 139 opens every provider workspace owner route
MOOLSOCIAL_STARTUP stage=ready snapshot=true setupComplete=true completedSetupVersion=5 requiredSetupVersion=5 authenticated=true
03:44 +167: C:/GUARANTEED OUTCOME/MOOLSOCIAL-PRODUCTION/apps/mobile/test/retailer_books_vertical_slice_test.dart: screen 92 completes position, period, attention, guidance, tax and reports with exact failure replay
03:45 +168: C:/GUARANTEED OUTCOME/MOOLSOCIAL-PRODUCTION/apps/mobile/test/retailer_books_vertical_slice_test.dart: screen 92 completes position, period, attention, guidance, tax and reports with exact failure replay
03:45 +168: C:/GUARANTEED OUTCOME/MOOLSOCIAL-PRODUCTION/apps/mobile/test/retailer_books_visual_golden_test.dart: Stock Statement 412x915 visual baseline
MOOLSOCIAL_STARTUP stage=ready snapshot=true setupComplete=true completedSetupVersion=5 requiredSetupVersion=5 authenticated=true
03:45 +169: C:/GUARANTEED OUTCOME/MOOLSOCIAL-PRODUCTION/apps/mobile/test/retailer_books_vertical_slice_test.dart: screen 92 completes position, period, attention, guidance, tax and reports with exact failure replay
03:46 +169: C:/GUARANTEED OUTCOME/MOOLSOCIAL-PRODUCTION/apps/mobile/test/retailer_books_visual_golden_test.dart: Money control 412x915 visual baseline
MOOLSOCIAL_STARTUP stage=ready snapshot=true setupComplete=true completedSetupVersion=5 requiredSetupVersion=5 authenticated=true
03:46 +170: C:/GUARANTEED OUTCOME/MOOLSOCIAL-PRODUCTION/apps/mobile/test/retailer_books_vertical_slice_test.dart: screen 92 completes position, period, attention, guidance, tax and reports with exact failure replay
03:46 +170: C:/GUARANTEED OUTCOME/MOOLSOCIAL-PRODUCTION/apps/mobile/test/pay_vertical_slice_test.dart: request decline cancel, failure and exact retry save one no-debit reference
MOOLSOCIAL_STARTUP stage=ready snapshot=true setupComplete=true completedSetupVersion=5 requiredSetupVersion=5 authenticated=true
03:46 +171: C:/GUARANTEED OUTCOME/MOOLSOCIAL-PRODUCTION/apps/mobile/test/retailer_books_vertical_slice_test.dart: screen 92 completes position, period, attention, guidance, tax and reports with exact failure replay
03:49 +171: C:/GUARANTEED OUTCOME/MOOLSOCIAL-PRODUCTION/apps/mobile/test/operations_vertical_slice_test.dart: screen 140 covers service states, preview, invalid and save retry
MOOLSOCIAL_STARTUP stage=ready snapshot=true setupComplete=true completedSetupVersion=5 requiredSetupVersion=5 authenticated=true
03:49 +172: C:/GUARANTEED OUTCOME/MOOLSOCIAL-PRODUCTION/apps/mobile/test/retailer_books_vertical_slice_test.dart: screen 92 completes position, period, attention, guidance, tax and reports with exact failure replay
03:50 +172: C:/GUARANTEED OUTCOME/MOOLSOCIAL-PRODUCTION/apps/mobile/test/pay_vertical_slice_test.dart: verified request confirms exact debit while unknown request stays blocked
MOOLSOCIAL_STARTUP stage=ready snapshot=true setupComplete=true completedSetupVersion=5 requiredSetupVersion=5 authenticated=true
03:50 +173: C:/GUARANTEED OUTCOME/MOOLSOCIAL-PRODUCTION/apps/mobile/test/retailer_books_vertical_slice_test.dart: screen 92 completes position, period, attention, guidance, tax and reports with exact failure replay
03:51 +173: C:/GUARANTEED OUTCOME/MOOLSOCIAL-PRODUCTION/apps/mobile/test/operations_vertical_slice_test.dart: screen 141 covers day, safe pause and exact availability retry
MOOLSOCIAL_STARTUP stage=ready snapshot=true setupComplete=true completedSetupVersion=5 requiredSetupVersion=5 authenticated=true
03:51 +174: C:/GUARANTEED OUTCOME/MOOLSOCIAL-PRODUCTION/apps/mobile/test/retailer_books_vertical_slice_test.dart: screen 92 completes position, period, attention, guidance, tax and reports with exact failure replay
03:51 +174: C:/GUARANTEED OUTCOME/MOOLSOCIAL-PRODUCTION/apps/mobile/test/operations_vertical_slice_test.dart: screen 142 covers tabs, failed accept and decline exact replays
MOOLSOCIAL_STARTUP stage=ready snapshot=true setupComplete=true completedSetupVersion=5 requiredSetupVersion=5 authenticated=true
03:51 +174: C:/GUARANTEED OUTCOME/MOOLSOCIAL-PRODUCTION/apps/mobile/test/pay_vertical_slice_test.dart: pending payment blocks repeat and status failure then exact refresh becomes one receipt
MOOLSOCIAL_STARTUP stage=ready snapshot=true setupComplete=true completedSetupVersion=5 requiredSetupVersion=5 authenticated=true
03:51 +175: C:/GUARANTEED OUTCOME/MOOLSOCIAL-PRODUCTION/apps/mobile/test/retailer_books_vertical_slice_test.dart: screen 92 completes position, period, attention, guidance, tax and reports with exact failure replay
MOOLSOCIAL_STARTUP stage=ready snapshot=true setupComplete=true completedSetupVersion=5 requiredSetupVersion=5 authenticated=true
03:52 +176: C:/GUARANTEED OUTCOME/MOOLSOCIAL-PRODUCTION/apps/mobile/test/operations_vertical_slice_test.dart: screen 142 covers tabs, failed accept and decline exact replays
03:53 +176: C:/GUARANTEED OUTCOME/MOOLSOCIAL-PRODUCTION/apps/mobile/test/pay_vertical_slice_test.dart: failed no-debit outcome permits one safe retry with unchanged purpose
MOOLSOCIAL_STARTUP stage=ready snapshot=true setupComplete=true completedSetupVersion=5 requiredSetupVersion=5 authenticated=true
03:53 +177: C:/GUARANTEED OUTCOME/MOOLSOCIAL-PRODUCTION/apps/mobile/test/operations_vertical_slice_test.dart: screen 142 covers tabs, failed accept and decline exact replays
03:54 +178: C:/GUARANTEED OUTCOME/MOOLSOCIAL-PRODUCTION/apps/mobile/test/retailer_business_services_vertical_slice_test.dart: screen 93 completes every service detail, dismiss path, help, plan route and exact refresh replay
03:54 +178: C:/GUARANTEED OUTCOME/MOOLSOCIAL-PRODUCTION/apps/mobile/test/pay_vertical_slice_test.dart: reversal locks retry, status refresh returns original amount and support retries once
MOOLSOCIAL_STARTUP stage=ready snapshot=true setupComplete=true completedSetupVersion=5 requiredSetupVersion=5 authenticated=true
03:54 +179: C:/GUARANTEED OUTCOME/MOOLSOCIAL-PRODUCTION/apps/mobile/test/retailer_business_services_vertical_slice_test.dart: screen 93 completes every service detail, dismiss path, help, plan route and exact refresh replay
03:55 +179: C:/GUARANTEED OUTCOME/MOOLSOCIAL-PRODUCTION/apps/mobile/test/operations_vertical_slice_test.dart: screen 143 covers message, privacy and exact completion retry
MOOLSOCIAL_STARTUP stage=ready snapshot=true setupComplete=true completedSetupVersion=5 requiredSetupVersion=5 authenticated=true
03:55 +180: C:/GUARANTEED OUTCOME/MOOLSOCIAL-PRODUCTION/apps/mobile/test/retailer_business_services_vertical_slice_test.dart: screen 93 completes every service detail, dismiss path, help, plan route and exact refresh replay
03:56 +180: C:/GUARANTEED OUTCOME/MOOLSOCIAL-PRODUCTION/apps/mobile/test/pay_vertical_slice_test.dart: receipt search, pending and refund filters include empty recovery and direct records
MOOLSOCIAL_STARTUP stage=ready snapshot=true setupComplete=true completedSetupVersion=5 requiredSetupVersion=5 authenticated=true
03:56 +181: C:/GUARANTEED OUTCOME/MOOLSOCIAL-PRODUCTION/apps/mobile/test/retailer_business_services_vertical_slice_test.dart: screen 93 completes every service detail, dismiss path, help, plan route and exact refresh replay
03:56 +181: C:/GUARANTEED OUTCOME/MOOLSOCIAL-PRODUCTION/apps/mobile/test/pay_vertical_slice_test.dart: Pay remains usable on compact width with larger text
MOOLSOCIAL_STARTUP stage=ready snapshot=true setupComplete=true completedSetupVersion=5 requiredSetupVersion=5 authenticated=true
03:56 +182: C:/GUARANTEED OUTCOME/MOOLSOCIAL-PRODUCTION/apps/mobile/test/retailer_business_services_vertical_slice_test.dart: screen 93 completes every service detail, dismiss path, help, plan route and exact refresh replay
03:57 +182: C:/GUARANTEED OUTCOME/MOOLSOCIAL-PRODUCTION/apps/mobile/test/operations_vertical_slice_test.dart: screen 144 covers tabs, records and exact export retry
MOOLSOCIAL_STARTUP stage=ready snapshot=true setupComplete=true completedSetupVersion=5 requiredSetupVersion=5 authenticated=true
03:57 +183: C:/GUARANTEED OUTCOME/MOOLSOCIAL-PRODUCTION/apps/mobile/test/retailer_business_services_vertical_slice_test.dart: screen 93 completes every service detail, dismiss path, help, plan route and exact refresh replay
03:58 +183: C:/GUARANTEED OUTCOME/MOOLSOCIAL-PRODUCTION/apps/mobile/test/operations_vertical_slice_test.dart: screen 145 covers filters, each model and exact funded retry
MOOLSOCIAL_STARTUP stage=ready snapshot=true setupComplete=true completedSetupVersion=5 requiredSetupVersion=5 authenticated=true
03:58 +184: C:/GUARANTEED OUTCOME/MOOLSOCIAL-PRODUCTION/apps/mobile/test/retailer_business_services_vertical_slice_test.dart: screen 93 completes every service detail, dismiss path, help, plan route and exact refresh replay
03:58 +184: C:/GUARANTEED OUTCOME/MOOLSOCIAL-PRODUCTION/apps/mobile/test/retailer_books_vertical_slice_test.dart: screen 91 completes search, every filter, movement, checks and one audited adjustment after failure
MOOLSOCIAL_STARTUP stage=ready snapshot=true setupComplete=true completedSetupVersion=5 requiredSetupVersion=5 authenticated=true
03:58 +185: C:/GUARANTEED OUTCOME/MOOLSOCIAL-PRODUCTION/apps/mobile/test/retailer_business_services_vertical_slice_test.dart: screen 93 completes every service detail, dismiss path, help, plan route and exact refresh replay
MOOLSOCIAL_STARTUP stage=ready snapshot=true setupComplete=true completedSetupVersion=5 requiredSetupVersion=5 authenticated=true
04:00 +186: C:/GUARANTEED OUTCOME/MOOLSOCIAL-PRODUCTION/apps/mobile/test/operations_vertical_slice_test.dart: screen 146 covers every control, exact save and support retries
04:00 +186: C:/GUARANTEED OUTCOME/MOOLSOCIAL-PRODUCTION/apps/mobile/test/retailer_books_vertical_slice_test.dart: screen 91 routes every stock check and missing sale to its completing journey
MOOLSOCIAL_STARTUP stage=ready snapshot=true setupComplete=true completedSetupVersion=5 requiredSetupVersion=5 authenticated=true
04:00 +187: C:/GUARANTEED OUTCOME/MOOLSOCIAL-PRODUCTION/apps/mobile/test/operations_vertical_slice_test.dart: screen 146 covers every control, exact save and support retries
MOOLSOCIAL_STARTUP stage=ready snapshot=true setupComplete=true completedSetupVersion=5 requiredSetupVersion=5 authenticated=true
04:00 +188: C:/GUARANTEED OUTCOME/MOOLSOCIAL-PRODUCTION/apps/mobile/test/retailer_business_services_vertical_slice_test.dart: screen 94 selects every plan and limit, validates custom amount and retains choice after plan-load failure
04:00 +188: C:/GUARANTEED OUTCOME/MOOLSOCIAL-PRODUCTION/apps/mobile/test/operations_vertical_slice_test.dart: offline and permission-denied commands preserve outcomes
MOOLSOCIAL_STARTUP stage=ready snapshot=true setupComplete=true completedSetupVersion=5 requiredSetupVersion=5 authenticated=true
04:00 +189: C:/GUARANTEED OUTCOME/MOOLSOCIAL-PRODUCTION/apps/mobile/test/retailer_business_services_vertical_slice_test.dart: screen 94 selects every plan and limit, validates custom amount and retains choice after plan-load failure
04:02 +189: C:/GUARANTEED OUTCOME/MOOLSOCIAL-PRODUCTION/apps/mobile/test/retailer_books_vertical_slice_test.dart: screen 106 validates and saves one evidenced expense then resolves an exception after exact failure replay
MOOLSOCIAL_STARTUP stage=ready snapshot=true setupComplete=true completedSetupVersion=5 requiredSetupVersion=5 authenticated=true
04:02 +190: C:/GUARANTEED OUTCOME/MOOLSOCIAL-PRODUCTION/apps/mobile/test/retailer_business_services_vertical_slice_test.dart: screen 94 selects every plan and limit, validates custom amount and retains choice after plan-load failure
MOOLSOCIAL_STARTUP stage=ready snapshot=true setupComplete=true completedSetupVersion=5 requiredSetupVersion=5 authenticated=true
04:03 +191: C:/GUARANTEED OUTCOME/MOOLSOCIAL-PRODUCTION/apps/mobile/test/retailer_business_services_visual_golden_test.dart: Business Services 412x915 visual baseline
MOOLSOCIAL_STARTUP stage=ready snapshot=true setupComplete=true completedSetupVersion=5 requiredSetupVersion=5 authenticated=true
04:04 +192: C:/GUARANTEED OUTCOME/MOOLSOCIAL-PRODUCTION/apps/mobile/test/retailer_books_vertical_slice_test.dart: screen 92 and 106 route authoritative sales, purchases, stock and money records
04:04 +192: C:/GUARANTEED OUTCOME/MOOLSOCIAL-PRODUCTION/apps/mobile/test/retailer_business_services_visual_golden_test.dart: Business Service plan 412x915 visual baseline
MOOLSOCIAL_STARTUP stage=ready snapshot=true setupComplete=true completedSetupVersion=5 requiredSetupVersion=5 authenticated=true
04:04 +193: C:/GUARANTEED OUTCOME/MOOLSOCIAL-PRODUCTION/apps/mobile/test/retailer_books_vertical_slice_test.dart: screen 92 and 106 route authoritative sales, purchases, stock and money records
04:05 +193: C:/GUARANTEED OUTCOME/MOOLSOCIAL-PRODUCTION/apps/mobile/test/retailer_business_services_vertical_slice_test.dart: screen 95 enforces consent, supports every payment and replays one failed activation without duplicate charge
MOOLSOCIAL_STARTUP stage=ready snapshot=true setupComplete=true completedSetupVersion=5 requiredSetupVersion=5 authenticated=true
04:05 +194: C:/GUARANTEED OUTCOME/MOOLSOCIAL-PRODUCTION/apps/mobile/test/retailer_books_vertical_slice_test.dart: screen 92 and 106 route authoritative sales, purchases, stock and money records
MOOLSOCIAL_STARTUP stage=ready snapshot=true setupComplete=true completedSetupVersion=5 requiredSetupVersion=5 authenticated=true
04:05 +195: C:/GUARANTEED OUTCOME/MOOLSOCIAL-PRODUCTION/apps/mobile/test/retailer_campaign_vertical_slice_test.dart: screen 97 completes search, voice, all filters, empty recovery and customer open
04:05 +195: C:/GUARANTEED OUTCOME/MOOLSOCIAL-PRODUCTION/apps/mobile/test/retailer_business_services_visual_golden_test.dart: Business Service review 412x915 visual baseline
MOOLSOCIAL_STARTUP stage=ready snapshot=true setupComplete=true completedSetupVersion=5 requiredSetupVersion=5 authenticated=true
04:05 +195: C:/GUARANTEED OUTCOME/MOOLSOCIAL-PRODUCTION/apps/mobile/test/retailer_books_vertical_slice_test.dart: business records protect role, preserve offline state and fit compact accessible screens
MOOLSOCIAL_STARTUP stage=ready snapshot=true setupComplete=true completedSetupVersion=5 requiredSetupVersion=5 authenticated=true
04:05 +196: C:/GUARANTEED OUTCOME/MOOLSOCIAL-PRODUCTION/apps/mobile/test/retailer_campaign_vertical_slice_test.dart: screen 97 completes search, voice, all filters, empty recovery and customer open
04:05 +197: C:/GUARANTEED OUTCOME/MOOLSOCIAL-PRODUCTION/apps/mobile/test/retailer_campaign_vertical_slice_test.dart: screen 97 completes search, voice, all filters, empty recovery and customer open
04:05 +197: C:/GUARANTEED OUTCOME/MOOLSOCIAL-PRODUCTION/apps/mobile/test/retailer_business_services_visual_golden_test.dart: Active Business Service 412x915 visual baseline
MOOLSOCIAL_STARTUP stage=ready snapshot=true setupComplete=true completedSetupVersion=5 requiredSetupVersion=5 authenticated=true
04:05 +198: C:/GUARANTEED OUTCOME/MOOLSOCIAL-PRODUCTION/apps/mobile/test/retailer_campaign_vertical_slice_test.dart: screen 97 completes search, voice, all filters, empty recovery and customer open
04:06 +198: C:/GUARANTEED OUTCOME/MOOLSOCIAL-PRODUCTION/apps/mobile/test/retailer_business_services_vertical_slice_test.dart: screen 95 requires separate purpose-limited data consent only for Tax and Books
MOOLSOCIAL_STARTUP stage=ready snapshot=true setupComplete=true completedSetupVersion=5 requiredSetupVersion=5 authenticated=true
04:06 +199: C:/GUARANTEED OUTCOME/MOOLSOCIAL-PRODUCTION/apps/mobile/test/retailer_campaign_vertical_slice_test.dart: screen 97 completes search, voice, all filters, empty recovery and customer open
04:09 +199: C:/GUARANTEED OUTCOME/MOOLSOCIAL-PRODUCTION/apps/mobile/test/retailer_business_services_vertical_slice_test.dart: screen 96 completes setup with exact retry, opens useful work, support and cancellation lifecycle
MOOLSOCIAL_STARTUP stage=ready snapshot=true setupComplete=true completedSetupVersion=5 requiredSetupVersion=5 authenticated=true
04:09 +200: C:/GUARANTEED OUTCOME/MOOLSOCIAL-PRODUCTION/apps/mobile/test/retailer_campaign_vertical_slice_test.dart: screen 97 completes search, voice, all filters, empty recovery and customer open
04:09 +201: C:/GUARANTEED OUTCOME/MOOLSOCIAL-PRODUCTION/apps/mobile/test/retailer_campaign_vertical_slice_test.dart: screen 97 completes search, voice, all filters, empty recovery and customer open
04:09 +201: C:/GUARANTEED OUTCOME/MOOLSOCIAL-PRODUCTION/apps/mobile/test/retailer_business_services_vertical_slice_test.dart: services protect role and offline state and fit compact accessible screens
MOOLSOCIAL_STARTUP stage=ready snapshot=true setupComplete=true completedSetupVersion=5 requiredSetupVersion=5 authenticated=true
04:09 +202: C:/GUARANTEED OUTCOME/MOOLSOCIAL-PRODUCTION/apps/mobile/test/retailer_campaign_vertical_slice_test.dart: screen 97 completes search, voice, all filters, empty recovery and customer open
04:10 +202: C:/GUARANTEED OUTCOME/MOOLSOCIAL-PRODUCTION/apps/mobile/test/retailer_business_services_vertical_slice_test.dart: retailer home Business Services card opens the production service hub
MOOLSOCIAL_STARTUP stage=ready snapshot=true setupComplete=true completedSetupVersion=5 requiredSetupVersion=5 authenticated=true
04:10 +203: C:/GUARANTEED OUTCOME/MOOLSOCIAL-PRODUCTION/apps/mobile/test/retailer_campaign_vertical_slice_test.dart: screen 97 completes search, voice, all filters, empty recovery and customer open
MOOLSOCIAL_STARTUP stage=ready snapshot=true setupComplete=true completedSetupVersion=5 requiredSetupVersion=5 authenticated=true
04:11 +204: C:/GUARANTEED OUTCOME/MOOLSOCIAL-PRODUCTION/apps/mobile/test/retailer_campaign_visual_golden_test.dart: Customers 412x915 visual baseline
04:11 +204: C:/GUARANTEED OUTCOME/MOOLSOCIAL-PRODUCTION/apps/mobile/test/retailer_campaign_vertical_slice_test.dart: screen 97 exact refresh failure replays to success and offline changes nothing
MOOLSOCIAL_STARTUP stage=ready snapshot=true setupComplete=true completedSetupVersion=5 requiredSetupVersion=5 authenticated=true
04:11 +205: C:/GUARANTEED OUTCOME/MOOLSOCIAL-PRODUCTION/apps/mobile/test/retailer_campaign_visual_golden_test.dart: Customers 412x915 visual baseline
04:12 +205: C:/GUARANTEED OUTCOME/MOOLSOCIAL-PRODUCTION/apps/mobile/test/retailer_campaign_vertical_slice_test.dart: screen 98 enforces channel consent and replays failed reminder once without creating order
MOOLSOCIAL_STARTUP stage=ready snapshot=true setupComplete=true completedSetupVersion=5 requiredSetupVersion=5 authenticated=true
04:12 +206: C:/GUARANTEED OUTCOME/MOOLSOCIAL-PRODUCTION/apps/mobile/test/retailer_campaign_visual_golden_test.dart: Customers 412x915 visual baseline
MOOLSOCIAL_STARTUP stage=ready snapshot=true setupComplete=true completedSetupVersion=5 requiredSetupVersion=5 authenticated=true
04:12 +207: C:/GUARANTEED OUTCOME/MOOLSOCIAL-PRODUCTION/apps/mobile/test/retailer_campaign_vertical_slice_test.dart: screen 98 opens repeat order, sales history, resolved proof and message log
04:13 +207: C:/GUARANTEED OUTCOME/MOOLSOCIAL-PRODUCTION/apps/mobile/test/retailer_campaign_visual_golden_test.dart: Customer detail 412x915 visual baseline
MOOLSOCIAL_STARTUP stage=ready snapshot=true setupComplete=true completedSetupVersion=5 requiredSetupVersion=5 authenticated=true
04:13 +208: C:/GUARANTEED OUTCOME/MOOLSOCIAL-PRODUCTION/apps/mobile/test/retailer_campaign_vertical_slice_test.dart: screen 98 opens repeat order, sales history, resolved proof and message log
MOOLSOCIAL_STARTUP stage=ready snapshot=true setupComplete=true completedSetupVersion=5 requiredSetupVersion=5 authenticated=true
04:14 +209: C:/GUARANTEED OUTCOME/MOOLSOCIAL-PRODUCTION/apps/mobile/test/retailer_controls_vertical_slice_test.dart: screen 101 covers every stock, recovery route, invalid bound and two-stage publish
04:14 +209: C:/GUARANTEED OUTCOME/MOOLSOCIAL-PRODUCTION/apps/mobile/test/retailer_campaign_visual_golden_test.dart: Campaigns 412x915 visual baseline
MOOLSOCIAL_STARTUP stage=ready snapshot=true setupComplete=true completedSetupVersion=5 requiredSetupVersion=5 authenticated=true
04:14 +210: C:/GUARANTEED OUTCOME/MOOLSOCIAL-PRODUCTION/apps/mobile/test/retailer_controls_vertical_slice_test.dart: screen 101 covers every stock, recovery route, invalid bound and two-stage publish
04:14 +210: C:/GUARANTEED OUTCOME/MOOLSOCIAL-PRODUCTION/apps/mobile/test/retailer_campaign_visual_golden_test.dart: Campaign review 412x915 visual baseline
MOOLSOCIAL_STARTUP stage=ready snapshot=true setupComplete=true completedSetupVersion=5 requiredSetupVersion=5 authenticated=true
04:14 +211: C:/GUARANTEED OUTCOME/MOOLSOCIAL-PRODUCTION/apps/mobile/test/retailer_controls_vertical_slice_test.dart: screen 101 covers every stock, recovery route, invalid bound and two-stage publish
04:16 +211: C:/GUARANTEED OUTCOME/MOOLSOCIAL-PRODUCTION/apps/mobile/test/retailer_campaign_vertical_slice_test.dart: screen 99 completes filters and cancel, failure, retry and duplicate pause lifecycle
MOOLSOCIAL_STARTUP stage=ready snapshot=true setupComplete=true completedSetupVersion=5 requiredSetupVersion=5 authenticated=true
04:16 +212: C:/GUARANTEED OUTCOME/MOOLSOCIAL-PRODUCTION/apps/mobile/test/retailer_controls_vertical_slice_test.dart: screen 101 covers every stock, recovery route, invalid bound and two-stage publish
04:16 +212: C:/GUARANTEED OUTCOME/MOOLSOCIAL-PRODUCTION/apps/mobile/test/retailer_campaign_vertical_slice_test.dart: screen 99 cancel, failed delete and exact retry removes only the draft
MOOLSOCIAL_STARTUP stage=ready snapshot=true setupComplete=true completedSetupVersion=5 requiredSetupVersion=5 authenticated=true
04:16 +213: C:/GUARANTEED OUTCOME/MOOLSOCIAL-PRODUCTION/apps/mobile/test/retailer_controls_vertical_slice_test.dart: screen 101 covers every stock, recovery route, invalid bound and two-stage publish
04:17 +213: C:/GUARANTEED OUTCOME/MOOLSOCIAL-PRODUCTION/apps/mobile/test/retailer_controls_visual_golden_test.dart: Slow stock 412x915 visual baseline
MOOLSOCIAL_STARTUP stage=ready snapshot=true setupComplete=true completedSetupVersion=5 requiredSetupVersion=5 authenticated=true
04:18 +214: C:/GUARANTEED OUTCOME/MOOLSOCIAL-PRODUCTION/apps/mobile/test/retailer_controls_vertical_slice_test.dart: screen 101 covers every stock, recovery route, invalid bound and two-stage publish
MOOLSOCIAL_STARTUP stage=ready snapshot=true setupComplete=true completedSetupVersion=5 requiredSetupVersion=5 authenticated=true
04:18 +215: C:/GUARANTEED OUTCOME/MOOLSOCIAL-PRODUCTION/apps/mobile/test/retailer_campaign_vertical_slice_test.dart: screen 100 validates outcome and stock cap then completes every builder step
MOOLSOCIAL_STARTUP stage=ready snapshot=true setupComplete=true completedSetupVersion=5 requiredSetupVersion=5 authenticated=true
04:18 +216: C:/GUARANTEED OUTCOME/MOOLSOCIAL-PRODUCTION/apps/mobile/test/retailer_order_vertical_slice_test.dart: paid order completes review packing safe handover delivery and book entry
04:18 +216: C:/GUARANTEED OUTCOME/MOOLSOCIAL-PRODUCTION/apps/mobile/test/retailer_controls_vertical_slice_test.dart: screen 101 exact failure replay, duplicate and offline preserve stock
MOOLSOCIAL_STARTUP stage=ready snapshot=true setupComplete=true completedSetupVersion=5 requiredSetupVersion=5 authenticated=true
04:18 +217: C:/GUARANTEED OUTCOME/MOOLSOCIAL-PRODUCTION/apps/mobile/test/retailer_order_vertical_slice_test.dart: paid order completes review packing safe handover delivery and book entry
04:19 +217: C:/GUARANTEED OUTCOME/MOOLSOCIAL-PRODUCTION/apps/mobile/test/retailer_campaign_vertical_slice_test.dart: screen 100 exact draft and publish failures replay once and duplicate submits stay idempotent
MOOLSOCIAL_STARTUP stage=ready snapshot=true setupComplete=true completedSetupVersion=5 requiredSetupVersion=5 authenticated=true
04:19 +217: C:/GUARANTEED OUTCOME/MOOLSOCIAL-PRODUCTION/apps/mobile/test/retailer_controls_visual_golden_test.dart: Retailer AI 412x915 visual baseline
MOOLSOCIAL_STARTUP stage=ready snapshot=true setupComplete=true completedSetupVersion=5 requiredSetupVersion=5 authenticated=true
04:19 +218: C:/GUARANTEED OUTCOME/MOOLSOCIAL-PRODUCTION/apps/mobile/test/retailer_order_vertical_slice_test.dart: paid order completes review packing safe handover delivery and book entry
04:19 +219: C:/GUARANTEED OUTCOME/MOOLSOCIAL-PRODUCTION/apps/mobile/test/retailer_order_vertical_slice_test.dart: paid order completes review packing safe handover delivery and book entry
04:19 +219: C:/GUARANTEED OUTCOME/MOOLSOCIAL-PRODUCTION/apps/mobile/test/retailer_campaign_vertical_slice_test.dart: offline and unauthorized paths preserve customer and campaign state
MOOLSOCIAL_STARTUP stage=ready snapshot=true setupComplete=true completedSetupVersion=5 requiredSetupVersion=5 authenticated=true
04:19 +220: C:/GUARANTEED OUTCOME/MOOLSOCIAL-PRODUCTION/apps/mobile/test/retailer_order_vertical_slice_test.dart: paid order completes review packing safe handover delivery and book entry
04:19 +220: C:/GUARANTEED OUTCOME/MOOLSOCIAL-PRODUCTION/apps/mobile/test/retailer_controls_visual_golden_test.dart: Staff access 412x915 visual baseline
MOOLSOCIAL_STARTUP stage=ready snapshot=true setupComplete=true completedSetupVersion=5 requiredSetupVersion=5 authenticated=true
04:19 +221: C:/GUARANTEED OUTCOME/MOOLSOCIAL-PRODUCTION/apps/mobile/test/retailer_order_vertical_slice_test.dart: paid order completes review packing safe handover delivery and book entry
04:20 +221: C:/GUARANTEED OUTCOME/MOOLSOCIAL-PRODUCTION/apps/mobile/test/retailer_controls_visual_golden_test.dart: Store settings 412x915 visual baseline
MOOLSOCIAL_STARTUP stage=ready snapshot=true setupComplete=true completedSetupVersion=5 requiredSetupVersion=5 authenticated=true
04:20 +222: C:/GUARANTEED OUTCOME/MOOLSOCIAL-PRODUCTION/apps/mobile/test/retailer_order_vertical_slice_test.dart: paid order completes review packing safe handover delivery and book entry
04:20 +222: C:/GUARANTEED OUTCOME/MOOLSOCIAL-PRODUCTION/apps/mobile/test/retailer_controls_vertical_slice_test.dart: screen 102 prompts, failed answer replay, dismiss, history and review routes complete
MOOLSOCIAL_STARTUP stage=ready snapshot=true setupComplete=true completedSetupVersion=5 requiredSetupVersion=5 authenticated=true
04:20 +222: C:/GUARANTEED OUTCOME/MOOLSOCIAL-PRODUCTION/apps/mobile/test/retailer_controls_visual_golden_test.dart: Customer issues 412x915 visual baseline
MOOLSOCIAL_STARTUP stage=ready snapshot=true setupComplete=true completedSetupVersion=5 requiredSetupVersion=5 authenticated=true
04:20 +223: C:/GUARANTEED OUTCOME/MOOLSOCIAL-PRODUCTION/apps/mobile/test/retailer_order_vertical_slice_test.dart: paid order completes review packing safe handover delivery and book entry
04:20 +223: C:/GUARANTEED OUTCOME/MOOLSOCIAL-PRODUCTION/apps/mobile/test/retailer_campaign_vertical_slice_test.dart: retailer home and active growth service reach real customer and campaign work
MOOLSOCIAL_STARTUP stage=ready snapshot=true setupComplete=true completedSetupVersion=5 requiredSetupVersion=5 authenticated=true
04:20 +224: C:/GUARANTEED OUTCOME/MOOLSOCIAL-PRODUCTION/apps/mobile/test/retailer_order_vertical_slice_test.dart: paid order completes review packing safe handover delivery and book entry
04:21 +225: C:/GUARANTEED OUTCOME/MOOLSOCIAL-PRODUCTION/apps/mobile/test/retailer_order_vertical_slice_test.dart: paid order completes review packing safe handover delivery and book entry
04:22 +225: C:/GUARANTEED OUTCOME/MOOLSOCIAL-PRODUCTION/apps/mobile/test/retailer_controls_vertical_slice_test.dart: screen 103 invite validates, fails, retries once and duplicate creates no access
MOOLSOCIAL_STARTUP stage=ready snapshot=true setupComplete=true completedSetupVersion=5 requiredSetupVersion=5 authenticated=true
04:22 +226: C:/GUARANTEED OUTCOME/MOOLSOCIAL-PRODUCTION/apps/mobile/test/retailer_order_vertical_slice_test.dart: paid order completes review packing safe handover delivery and book entry
04:23 +226: C:/GUARANTEED OUTCOME/MOOLSOCIAL-PRODUCTION/apps/mobile/test/retailer_controls_vertical_slice_test.dart: screen 103 manage cancellation, exact failed change replay and security branches complete
MOOLSOCIAL_STARTUP stage=ready snapshot=true setupComplete=true completedSetupVersion=5 requiredSetupVersion=5 authenticated=true
04:23 +227: C:/GUARANTEED OUTCOME/MOOLSOCIAL-PRODUCTION/apps/mobile/test/retailer_order_vertical_slice_test.dart: paid order completes review packing safe handover delivery and book entry
04:25 +227: C:/GUARANTEED OUTCOME/MOOLSOCIAL-PRODUCTION/apps/mobile/test/retailer_controls_vertical_slice_test.dart: screen 104 toggles, edit sheet, readiness, failed save replay and duplicate version complete
MOOLSOCIAL_STARTUP stage=ready snapshot=true setupComplete=true completedSetupVersion=5 requiredSetupVersion=5 authenticated=true
04:25 +228: C:/GUARANTEED OUTCOME/MOOLSOCIAL-PRODUCTION/apps/mobile/test/retailer_order_vertical_slice_test.dart: paid order completes review packing safe handover delivery and book entry
MOOLSOCIAL_STARTUP stage=ready snapshot=true setupComplete=true completedSetupVersion=5 requiredSetupVersion=5 authenticated=true
04:26 +229: C:/GUARANTEED OUTCOME/MOOLSOCIAL-PRODUCTION/apps/mobile/test/retailer_pos_vertical_slice_test.dart: screen 74 to 78 to 80 to 90 completes one counter sale after exact failure replays
04:27 +229: C:/GUARANTEED OUTCOME/MOOLSOCIAL-PRODUCTION/apps/mobile/test/retailer_order_vertical_slice_test.dart: order acceptance failure replays once without duplication
MOOLSOCIAL_STARTUP stage=ready snapshot=true setupComplete=true completedSetupVersion=5 requiredSetupVersion=5 authenticated=true
04:27 +230: C:/GUARANTEED OUTCOME/MOOLSOCIAL-PRODUCTION/apps/mobile/test/retailer_pos_vertical_slice_test.dart: screen 74 to 78 to 80 to 90 completes one counter sale after exact failure replays
04:28 +230: C:/GUARANTEED OUTCOME/MOOLSOCIAL-PRODUCTION/apps/mobile/test/retailer_order_vertical_slice_test.dart: packing failure preserves every checked product for retry
MOOLSOCIAL_STARTUP stage=ready snapshot=true setupComplete=true completedSetupVersion=5 requiredSetupVersion=5 authenticated=true
04:28 +231: C:/GUARANTEED OUTCOME/MOOLSOCIAL-PRODUCTION/apps/mobile/test/retailer_pos_vertical_slice_test.dart: screen 74 to 78 to 80 to 90 completes one counter sale after exact failure replays
04:28 +231: C:/GUARANTEED OUTCOME/MOOLSOCIAL-PRODUCTION/apps/mobile/test/retailer_controls_vertical_slice_test.dart: screen 105 filters, every case, every outcome, failed resolution replay and duplicate complete
MOOLSOCIAL_STARTUP stage=ready snapshot=true setupComplete=true completedSetupVersion=5 requiredSetupVersion=5 authenticated=true
04:28 +232: C:/GUARANTEED OUTCOME/MOOLSOCIAL-PRODUCTION/apps/mobile/test/retailer_pos_vertical_slice_test.dart: screen 74 to 78 to 80 to 90 completes one counter sale after exact failure replays
04:28 +232: C:/GUARANTEED OUTCOME/MOOLSOCIAL-PRODUCTION/apps/mobile/test/retailer_controls_vertical_slice_test.dart: offline and role denial call no control gateway and preserve every protected outcome
MOOLSOCIAL_STARTUP stage=ready snapshot=true setupComplete=true completedSetupVersion=5 requiredSetupVersion=5 authenticated=true
04:28 +232: C:/GUARANTEED OUTCOME/MOOLSOCIAL-PRODUCTION/apps/mobile/test/retailer_order_vertical_slice_test.dart: delivery request failure keeps packed order then assigns once
MOOLSOCIAL_STARTUP stage=ready snapshot=true setupComplete=true completedSetupVersion=5 requiredSetupVersion=5 authenticated=true
04:28 +233: C:/GUARANTEED OUTCOME/MOOLSOCIAL-PRODUCTION/apps/mobile/test/retailer_pos_vertical_slice_test.dart: screen 74 to 78 to 80 to 90 completes one counter sale after exact failure replays
04:28 +234: C:/GUARANTEED OUTCOME/MOOLSOCIAL-PRODUCTION/apps/mobile/test/retailer_pos_vertical_slice_test.dart: screen 74 to 78 to 80 to 90 completes one counter sale after exact failure replays
04:29 +234: C:/GUARANTEED OUTCOME/MOOLSOCIAL-PRODUCTION/apps/mobile/test/retailer_order_vertical_slice_test.dart: handover failure keeps parcel with retailer for exact retry
MOOLSOCIAL_STARTUP stage=ready snapshot=true setupComplete=true completedSetupVersion=5 requiredSetupVersion=5 authenticated=true
04:29 +235: C:/GUARANTEED OUTCOME/MOOLSOCIAL-PRODUCTION/apps/mobile/test/retailer_pos_vertical_slice_test.dart: screen 74 to 78 to 80 to 90 completes one counter sale after exact failure replays
04:29 +235: C:/GUARANTEED OUTCOME/MOOLSOCIAL-PRODUCTION/apps/mobile/test/retailer_order_vertical_slice_test.dart: tracking failure keeps existing state and retry completes once
MOOLSOCIAL_STARTUP stage=ready snapshot=true setupComplete=true completedSetupVersion=5 requiredSetupVersion=5 authenticated=true
04:30 +236: C:/GUARANTEED OUTCOME/MOOLSOCIAL-PRODUCTION/apps/mobile/test/retailer_pos_vertical_slice_test.dart: screen 74 to 78 to 80 to 90 completes one counter sale after exact failure replays
04:31 +236: C:/GUARANTEED OUTCOME/MOOLSOCIAL-PRODUCTION/apps/mobile/test/retailer_controls_vertical_slice_test.dart: retailer home and stock expose the embedded AI, settings and recovery owners
MOOLSOCIAL_STARTUP stage=ready snapshot=true setupComplete=true completedSetupVersion=5 requiredSetupVersion=5 authenticated=true
04:31 +237: C:/GUARANTEED OUTCOME/MOOLSOCIAL-PRODUCTION/apps/mobile/test/retailer_pos_vertical_slice_test.dart: screen 74 to 78 to 80 to 90 completes one counter sale after exact failure replays
04:31 +237: C:/GUARANTEED OUTCOME/MOOLSOCIAL-PRODUCTION/apps/mobile/test/retailer_order_vertical_slice_test.dart: cannot fulfil handles empty cancel failure retry and refund-safe outcome
MOOLSOCIAL_STARTUP stage=ready snapshot=true setupComplete=true completedSetupVersion=5 requiredSetupVersion=5 authenticated=true
04:31 +238: C:/GUARANTEED OUTCOME/MOOLSOCIAL-PRODUCTION/apps/mobile/test/retailer_pos_vertical_slice_test.dart: screen 74 to 78 to 80 to 90 completes one counter sale after exact failure replays
04:32 +238: C:/GUARANTEED OUTCOME/MOOLSOCIAL-PRODUCTION/apps/mobile/test/retailer_order_vertical_slice_test.dart: delivery issue validates retries and preserves order state
MOOLSOCIAL_STARTUP stage=ready snapshot=true setupComplete=true completedSetupVersion=5 requiredSetupVersion=5 authenticated=true
04:32 +239: C:/GUARANTEED OUTCOME/MOOLSOCIAL-PRODUCTION/apps/mobile/test/retailer_pos_vertical_slice_test.dart: screen 74 to 78 to 80 to 90 completes one counter sale after exact failure replays
04:34 +239: C:/GUARANTEED OUTCOME/MOOLSOCIAL-PRODUCTION/apps/mobile/test/retailer_order_vertical_slice_test.dart: home search availability refresh and alternate tabs recover safely
MOOLSOCIAL_STARTUP stage=ready snapshot=true setupComplete=true completedSetupVersion=5 requiredSetupVersion=5 authenticated=true
04:34 +240: C:/GUARANTEED OUTCOME/MOOLSOCIAL-PRODUCTION/apps/mobile/test/retailer_pos_vertical_slice_test.dart: screen 74 to 78 to 80 to 90 completes one counter sale after exact failure replays
04:34 +240: C:/GUARANTEED OUTCOME/MOOLSOCIAL-PRODUCTION/apps/mobile/test/retailer_order_vertical_slice_test.dart: retailer Chat and Mool return to the exact operating screen
MOOLSOCIAL_STARTUP stage=ready snapshot=true setupComplete=true completedSetupVersion=5 requiredSetupVersion=5 authenticated=true
04:35 +240: C:/GUARANTEED OUTCOME/MOOLSOCIAL-PRODUCTION/apps/mobile/test/retailer_pos_vertical_slice_test.dart: screen 74 to 78 to 80 to 90 completes one counter sale after exact failure replays
MOOLSOCIAL_STARTUP stage=ready snapshot=true setupComplete=true completedSetupVersion=5 requiredSetupVersion=5 authenticated=true
04:35 +241: C:/GUARANTEED OUTCOME/MOOLSOCIAL-PRODUCTION/apps/mobile/test/retailer_wholesale_vertical_slice_test.dart: screens 74 and 81 to 86 complete wholesale order and receipt after exact failure replays
04:36 +242: C:/GUARANTEED OUTCOME/MOOLSOCIAL-PRODUCTION/apps/mobile/test/retailer_wholesale_vertical_slice_test.dart: screens 74 and 81 to 86 complete wholesale order and receipt after exact failure replays
04:37 +242: C:/GUARANTEED OUTCOME/MOOLSOCIAL-PRODUCTION/apps/mobile/test/retailer_order_vertical_slice_test.dart: retailer order flow remains usable on compact larger text
MOOLSOCIAL_STARTUP stage=ready snapshot=true setupComplete=true completedSetupVersion=5 requiredSetupVersion=5 authenticated=true
04:37 +243: C:/GUARANTEED OUTCOME/MOOLSOCIAL-PRODUCTION/apps/mobile/test/retailer_wholesale_vertical_slice_test.dart: screens 74 and 81 to 86 complete wholesale order and receipt after exact failure replays
04:37 +244: C:/GUARANTEED OUTCOME/MOOLSOCIAL-PRODUCTION/apps/mobile/test/retailer_wholesale_vertical_slice_test.dart: screens 74 and 81 to 86 complete wholesale order and receipt after exact failure replays
04:37 +245: C:/GUARANTEED OUTCOME/MOOLSOCIAL-PRODUCTION/apps/mobile/test/retailer_wholesale_vertical_slice_test.dart: screens 74 and 81 to 86 complete wholesale order and receipt after exact failure replays
04:39 +245: C:/GUARANTEED OUTCOME/MOOLSOCIAL-PRODUCTION/apps/mobile/test/retailer_pos_vertical_slice_test.dart: order builder covers empty cancel search repeat voice stock limit and offline retry
MOOLSOCIAL_STARTUP stage=ready snapshot=true setupComplete=true completedSetupVersion=5 requiredSetupVersion=5 authenticated=true
04:39 +246: C:/GUARANTEED OUTCOME/MOOLSOCIAL-PRODUCTION/apps/mobile/test/retailer_wholesale_vertical_slice_test.dart: screens 74 and 81 to 86 complete wholesale order and receipt after exact failure replays
MOOLSOCIAL_STARTUP stage=ready snapshot=true setupComplete=true completedSetupVersion=5 requiredSetupVersion=5 authenticated=true
04:40 +247: C:/GUARANTEED OUTCOME/MOOLSOCIAL-PRODUCTION/apps/mobile/test/retailer_pos_vertical_slice_test.dart: phone and Chat branches keep identity payment and open the exact created order
MOOLSOCIAL_STARTUP stage=ready snapshot=true setupComplete=true completedSetupVersion=5 requiredSetupVersion=5 authenticated=true
04:40 +248: C:/GUARANTEED OUTCOME/MOOLSOCIAL-PRODUCTION/apps/mobile/test/retailer_wholesale_vertical_slice_test.dart: screen 87 covers Purchase Book views, empty, direct bill and export retry
04:43 +248: C:/GUARANTEED OUTCOME/MOOLSOCIAL-PRODUCTION/apps/mobile/test/screen03_session_test.dart: provider success preserves Screen 02 state and opens Universal
MOOLSOCIAL_STARTUP stage=signIn snapshot=true setupComplete=true completedSetupVersion=5 requiredSetupVersion=5 authenticated=false
04:43 +249: C:/GUARANTEED OUTCOME/MOOLSOCIAL-PRODUCTION/apps/mobile/test/retailer_wholesale_vertical_slice_test.dart: screen 87 covers Purchase Book views, empty, direct bill and export retry
04:43 +249: C:/GUARANTEED OUTCOME/MOOLSOCIAL-PRODUCTION/apps/mobile/test/screen03_session_test.dart: YouTube uses its own selected context and can recover from cancel
MOOLSOCIAL_STARTUP stage=signIn snapshot=true setupComplete=true completedSetupVersion=5 requiredSetupVersion=5 authenticated=false
04:43 +250: C:/GUARANTEED OUTCOME/MOOLSOCIAL-PRODUCTION/apps/mobile/test/retailer_wholesale_vertical_slice_test.dart: screen 87 covers Purchase Book views, empty, direct bill and export retry
MOOLSOCIAL_STARTUP stage=ready snapshot=true setupComplete=true completedSetupVersion=5 requiredSetupVersion=5 authenticated=true
04:43 +251: C:/GUARANTEED OUTCOME/MOOLSOCIAL-PRODUCTION/apps/mobile/test/retailer_pos_vertical_slice_test.dart: counter create edit close open covers invalid duplicate cancel failure and retry
04:43 +251: C:/GUARANTEED OUTCOME/MOOLSOCIAL-PRODUCTION/apps/mobile/test/screen03_session_test.dart: social provider failure stays retryable and never marks ready
MOOLSOCIAL_STARTUP stage=signIn snapshot=true setupComplete=true completedSetupVersion=5 requiredSetupVersion=5 authenticated=false
04:44 +252: C:/GUARANTEED OUTCOME/MOOLSOCIAL-PRODUCTION/apps/mobile/test/retailer_pos_vertical_slice_test.dart: counter create edit close open covers invalid duplicate cancel failure and retry
MOOLSOCIAL_STARTUP stage=ready snapshot=true setupComplete=true completedSetupVersion=5 requiredSetupVersion=5 authenticated=true
04:44 +253: C:/GUARANTEED OUTCOME/MOOLSOCIAL-PRODUCTION/apps/mobile/test/ride_vertical_slice_test.dart: ride completes booking, arrival, live stop, payment, receipt and rating
04:44 +253: C:/GUARANTEED OUTCOME/MOOLSOCIAL-PRODUCTION/apps/mobile/test/screen03_session_test.dart: process death during OTP returns to sign-in without skipping auth
MOOLSOCIAL_STARTUP stage=signIn snapshot=true setupComplete=true completedSetupVersion=5 requiredSetupVersion=5 authenticated=false
MOOLSOCIAL_STARTUP stage=signIn snapshot=true setupComplete=true completedSetupVersion=5 requiredSetupVersion=5 authenticated=false
04:44 +254: C:/GUARANTEED OUTCOME/MOOLSOCIAL-PRODUCTION/apps/mobile/test/ride_vertical_slice_test.dart: ride completes booking, arrival, live stop, payment, receipt and rating
04:44 +254: C:/GUARANTEED OUTCOME/MOOLSOCIAL-PRODUCTION/apps/mobile/test/screen03_session_test.dart: background-like provider return completes exactly once
MOOLSOCIAL_STARTUP stage=signIn snapshot=true setupComplete=true completedSetupVersion=5 requiredSetupVersion=5 authenticated=false
04:44 +255: C:/GUARANTEED OUTCOME/MOOLSOCIAL-PRODUCTION/apps/mobile/test/ride_vertical_slice_test.dart: ride completes booking, arrival, live stop, payment, receipt and rating
04:45 +255: C:/GUARANTEED OUTCOME/MOOLSOCIAL-PRODUCTION/apps/mobile/test/retailer_pos_vertical_slice_test.dart: counter selector alerts and empty activity retain selected operating context
MOOLSOCIAL_STARTUP stage=ready snapshot=true setupComplete=true completedSetupVersion=5 requiredSetupVersion=5 authenticated=true
04:45 +256: C:/GUARANTEED OUTCOME/MOOLSOCIAL-PRODUCTION/apps/mobile/test/ride_vertical_slice_test.dart: ride completes booking, arrival, live stop, payment, receipt and rating
04:46 +256: C:/GUARANTEED OUTCOME/MOOLSOCIAL-PRODUCTION/apps/mobile/test/retailer_wholesale_vertical_slice_test.dart: screens 87 to 89 authorize once and distinguish processing from settlement
MOOLSOCIAL_STARTUP stage=ready snapshot=true setupComplete=true completedSetupVersion=5 requiredSetupVersion=5 authenticated=true
04:47 +257: C:/GUARANTEED OUTCOME/MOOLSOCIAL-PRODUCTION/apps/mobile/test/ride_vertical_slice_test.dart: ride completes booking, arrival, live stop, payment, receipt and rating
04:47 +257: C:/GUARANTEED OUTCOME/MOOLSOCIAL-PRODUCTION/apps/mobile/test/retailer_wholesale_vertical_slice_test.dart: invalid, empty, stock-limit, offline and role-denied states remain safe
MOOLSOCIAL_STARTUP stage=ready snapshot=true setupComplete=true completedSetupVersion=5 requiredSetupVersion=5 authenticated=true
04:47 +258: C:/GUARANTEED OUTCOME/MOOLSOCIAL-PRODUCTION/apps/mobile/test/ride_vertical_slice_test.dart: ride completes booking, arrival, live stop, payment, receipt and rating
04:47 +258: C:/GUARANTEED OUTCOME/MOOLSOCIAL-PRODUCTION/apps/mobile/test/retailer_pos_vertical_slice_test.dart: Sales Book tests tabs filters search details invoice sharing and new-sale routes
MOOLSOCIAL_STARTUP stage=ready snapshot=true setupComplete=true completedSetupVersion=5 requiredSetupVersion=5 authenticated=true
04:47 +259: C:/GUARANTEED OUTCOME/MOOLSOCIAL-PRODUCTION/apps/mobile/test/ride_vertical_slice_test.dart: ride completes booking, arrival, live stop, payment, receipt and rating
04:47 +259: C:/GUARANTEED OUTCOME/MOOLSOCIAL-PRODUCTION/apps/mobile/test/retailer_pos_vertical_slice_test.dart: Sales Book refresh export offline and permission outcomes preserve records
MOOLSOCIAL_STARTUP stage=ready snapshot=true setupComplete=true completedSetupVersion=5 requiredSetupVersion=5 authenticated=true
04:48 +259: C:/GUARANTEED OUTCOME/MOOLSOCIAL-PRODUCTION/apps/mobile/test/retailer_wholesale_vertical_slice_test.dart: role denied Purchase Book exposes a safe return
MOOLSOCIAL_STARTUP stage=ready snapshot=true setupComplete=true completedSetupVersion=5 requiredSetupVersion=5 authenticated=true
04:48 +260: C:/GUARANTEED OUTCOME/MOOLSOCIAL-PRODUCTION/apps/mobile/test/ride_vertical_slice_test.dart: ride completes booking, arrival, live stop, payment, receipt and rating
04:48 +260: C:/GUARANTEED OUTCOME/MOOLSOCIAL-PRODUCTION/apps/mobile/test/retailer_wholesale_vertical_slice_test.dart: failed supplier payment restores truthful payable outcome
MOOLSOCIAL_STARTUP stage=ready snapshot=true setupComplete=true completedSetupVersion=5 requiredSetupVersion=5 authenticated=true
04:48 +261: C:/GUARANTEED OUTCOME/MOOLSOCIAL-PRODUCTION/apps/mobile/test/ride_vertical_slice_test.dart: ride completes booking, arrival, live stop, payment, receipt and rating
04:49 +262: C:/GUARANTEED OUTCOME/MOOLSOCIAL-PRODUCTION/apps/mobile/test/ride_vertical_slice_test.dart: ride completes booking, arrival, live stop, payment, receipt and rating
04:49 +262: C:/GUARANTEED OUTCOME/MOOLSOCIAL-PRODUCTION/apps/mobile/test/retailer_pos_vertical_slice_test.dart: Sales Book unauthorized role has one safe return action
MOOLSOCIAL_STARTUP stage=ready snapshot=true setupComplete=true completedSetupVersion=5 requiredSetupVersion=5 authenticated=true
04:49 +263: C:/GUARANTEED OUTCOME/MOOLSOCIAL-PRODUCTION/apps/mobile/test/ride_vertical_slice_test.dart: ride completes booking, arrival, live stop, payment, receipt and rating
04:49 +263: C:/GUARANTEED OUTCOME/MOOLSOCIAL-PRODUCTION/apps/mobile/test/retailer_wholesale_vertical_slice_test.dart: reversed supplier payment restores truthful payable outcome
MOOLSOCIAL_STARTUP stage=ready snapshot=true setupComplete=true completedSetupVersion=5 requiredSetupVersion=5 authenticated=true
04:49 +264: C:/GUARANTEED OUTCOME/MOOLSOCIAL-PRODUCTION/apps/mobile/test/ride_vertical_slice_test.dart: ride completes booking, arrival, live stop, payment, receipt and rating
MOOLSOCIAL_STARTUP stage=ready snapshot=true setupComplete=true completedSetupVersion=5 requiredSetupVersion=5 authenticated=true
04:49 +265: C:/GUARANTEED OUTCOME/MOOLSOCIAL-PRODUCTION/apps/mobile/test/retailer_pos_vertical_slice_test.dart: loading states disable duplicate order and sale actions while requests run
04:50 +265: C:/GUARANTEED OUTCOME/MOOLSOCIAL-PRODUCTION/apps/mobile/test/retailer_wholesale_vertical_slice_test.dart: wholesale journey remains usable on compact width with larger text
MOOLSOCIAL_STARTUP stage=ready snapshot=true setupComplete=true completedSetupVersion=5 requiredSetupVersion=5 authenticated=true
04:50 +265: C:/GUARANTEED OUTCOME/MOOLSOCIAL-PRODUCTION/apps/mobile/test/retailer_pos_vertical_slice_test.dart: loading states disable duplicate order and sale actions while requests run
MOOLSOCIAL_STARTUP stage=ready snapshot=true setupComplete=true completedSetupVersion=5 requiredSetupVersion=5 authenticated=true
04:50 +266: C:/GUARANTEED OUTCOME/MOOLSOCIAL-PRODUCTION/apps/mobile/test/retailer_wholesale_vertical_slice_test.dart: wholesale journey remains usable on compact width with larger text
04:50 +267: C:/GUARANTEED OUTCOME/MOOLSOCIAL-PRODUCTION/apps/mobile/test/screen04_social_operational_baseline_test.dart: Screen 04 protected operational baseline captures
04:50 +267: C:/GUARANTEED OUTCOME/MOOLSOCIAL-PRODUCTION/apps/mobile/test/retailer_pos_vertical_slice_test.dart: POS and Sales Book remain usable at compact width and larger text
MOOLSOCIAL_STARTUP stage=ready snapshot=true setupComplete=true completedSetupVersion=5 requiredSetupVersion=5 authenticated=true
04:50 +268: C:/GUARANTEED OUTCOME/MOOLSOCIAL-PRODUCTION/apps/mobile/test/screen04_social_operational_baseline_test.dart: Screen 04 protected operational baseline captures
04:51 +268: C:/GUARANTEED OUTCOME/MOOLSOCIAL-PRODUCTION/apps/mobile/test/ride_vertical_slice_test.dart: route and schedule invalid, cancelled and valid outcomes remain visible
MOOLSOCIAL_STARTUP stage=ready snapshot=true setupComplete=true completedSetupVersion=5 requiredSetupVersion=5 authenticated=true
04:51 +269: C:/GUARANTEED OUTCOME/MOOLSOCIAL-PRODUCTION/apps/mobile/test/screen04_social_operational_baseline_test.dart: Screen 04 protected operational baseline captures
04:52 +269: C:/GUARANTEED OUTCOME/MOOLSOCIAL-PRODUCTION/apps/mobile/test/ride_vertical_slice_test.dart: captain matching failure retries without taking payment
MOOLSOCIAL_STARTUP stage=ready snapshot=true setupComplete=true completedSetupVersion=5 requiredSetupVersion=5 authenticated=true
04:52 +270: C:/GUARANTEED OUTCOME/MOOLSOCIAL-PRODUCTION/apps/mobile/test/screen04_social_operational_baseline_test.dart: Screen 04 protected operational baseline captures
04:52 +270: C:/GUARANTEED OUTCOME/MOOLSOCIAL-PRODUCTION/apps/mobile/test/ride_vertical_slice_test.dart: pickup cancellation supports keep and free confirmed cancel
MOOLSOCIAL_STARTUP stage=ready snapshot=true setupComplete=true completedSetupVersion=5 requiredSetupVersion=5 authenticated=true
04:53 +271: C:/GUARANTEED OUTCOME/MOOLSOCIAL-PRODUCTION/apps/mobile/test/screen04_social_operational_baseline_test.dart: Screen 04 protected operational baseline captures
04:53 +271: C:/GUARANTEED OUTCOME/MOOLSOCIAL-PRODUCTION/apps/mobile/test/ride_vertical_slice_test.dart: live stop validates empty input before showing changed fare
MOOLSOCIAL_STARTUP stage=ready snapshot=true setupComplete=true completedSetupVersion=5 requiredSetupVersion=5 authenticated=true
04:53 +272: C:/GUARANTEED OUTCOME/MOOLSOCIAL-PRODUCTION/apps/mobile/test/screen04_social_operational_baseline_test.dart: Screen 04 protected operational baseline captures
04:54 +272: C:/GUARANTEED OUTCOME/MOOLSOCIAL-PRODUCTION/apps/mobile/test/ride_vertical_slice_test.dart: payment failure exact retry creates one receipt and no duplicate
MOOLSOCIAL_STARTUP stage=ready snapshot=true setupComplete=true completedSetupVersion=5 requiredSetupVersion=5 authenticated=true
04:54 +273: C:/GUARANTEED OUTCOME/MOOLSOCIAL-PRODUCTION/apps/mobile/test/screen04_social_operational_baseline_test.dart: Screen 04 protected operational baseline captures
04:54 +273: C:/GUARANTEED OUTCOME/MOOLSOCIAL-PRODUCTION/apps/mobile/test/ride_vertical_slice_test.dart: support validates detail, retries evidence and avoids duplicate
MOOLSOCIAL_STARTUP stage=ready snapshot=true setupComplete=true completedSetupVersion=5 requiredSetupVersion=5 authenticated=true
04:54 +274: C:/GUARANTEED OUTCOME/MOOLSOCIAL-PRODUCTION/apps/mobile/test/screen04_social_operational_baseline_test.dart: Screen 04 protected operational baseline captures
04:54 +274: C:/GUARANTEED OUTCOME/MOOLSOCIAL-PRODUCTION/apps/mobile/test/ride_vertical_slice_test.dart: safety, receipt and quick actions complete visibly
MOOLSOCIAL_STARTUP stage=ready snapshot=true setupComplete=true completedSetupVersion=5 requiredSetupVersion=5 authenticated=true
04:55 +274 ~1: C:/GUARANTEED OUTCOME/MOOLSOCIAL-PRODUCTION/apps/mobile/test/screen04_social_operational_baseline_test.dart: Screen 04 protected operational baseline captures
04:56 +275 ~1: C:/GUARANTEED OUTCOME/MOOLSOCIAL-PRODUCTION/apps/mobile/test/screen04_social_operational_baseline_test.dart: Screen 04 protected operational baseline captures
04:57 +276 ~1: C:/GUARANTEED OUTCOME/MOOLSOCIAL-PRODUCTION/apps/mobile/test/screen04_social_operational_baseline_test.dart: Screen 04 protected operational baseline captures
04:57 +276 ~1: C:/GUARANTEED OUTCOME/MOOLSOCIAL-PRODUCTION/apps/mobile/test/ride_vertical_slice_test.dart: safety shortcut handles no active trip and opens private support
MOOLSOCIAL_STARTUP stage=ready snapshot=true setupComplete=true completedSetupVersion=5 requiredSetupVersion=5 authenticated=true
04:57 +277 ~1: C:/GUARANTEED OUTCOME/MOOLSOCIAL-PRODUCTION/apps/mobile/test/screen04_social_operational_baseline_test.dart: Screen 04 protected operational baseline captures
04:57 +278 ~1: C:/GUARANTEED OUTCOME/MOOLSOCIAL-PRODUCTION/apps/mobile/test/screen04_universal_v2_conformance_test.dart: Mool selection reveals the focused sub-action ribbon
04:57 +278 ~1: C:/GUARANTEED OUTCOME/MOOLSOCIAL-PRODUCTION/apps/mobile/test/ride_vertical_slice_test.dart: compact ride targets remain at least 44 points
MOOLSOCIAL_STARTUP stage=ready snapshot=true setupComplete=true completedSetupVersion=5 requiredSetupVersion=5 authenticated=true
04:57 +279 ~1: C:/GUARANTEED OUTCOME/MOOLSOCIAL-PRODUCTION/apps/mobile/test/screen04_universal_v2_conformance_test.dart: Mool selection reveals the focused sub-action ribbon
04:59 +280 ~1: C:/GUARANTEED OUTCOME/MOOLSOCIAL-PRODUCTION/apps/mobile/test/screen04_universal_v2_conformance_test.dart: rail automatically keeps the active and next action visible while swipe remains available
04:59 +280 ~2: C:/GUARANTEED OUTCOME/MOOLSOCIAL-PRODUCTION/apps/mobile/test/screen04_universal_v2_conformance_test.dart: rail automatically keeps the active and next action visible while swipe remains available
05:00 +281 ~2: C:/GUARANTEED OUTCOME/MOOLSOCIAL-PRODUCTION/apps/mobile/test/screen04_universal_v2_conformance_test.dart: every main action preserves its focused sub-action through Mool and Back
05:01 +281 ~3: C:/GUARANTEED OUTCOME/MOOLSOCIAL-PRODUCTION/apps/mobile/test/screen04_universal_v2_conformance_test.dart: every main action preserves its focused sub-action through Mool and Back
05:02 +281 ~4: C:/GUARANTEED OUTCOME/MOOLSOCIAL-PRODUCTION/apps/mobile/test/screen04_universal_v2_conformance_test.dart: every main action preserves its focused sub-action through Mool and Back
05:07 +282 ~4: C:/GUARANTEED OUTCOME/MOOLSOCIAL-PRODUCTION/apps/mobile/test/screen04_universal_v2_conformance_test.dart: every main action preserves its focused sub-action through Mool and Back
05:08 +283 ~4: C:/GUARANTEED OUTCOME/MOOLSOCIAL-PRODUCTION/apps/mobile/test/shared_vertical_slice_test.dart: screen 157 covers every filter, empty recovery and detail
05:08 +283 ~4: C:/GUARANTEED OUTCOME/MOOLSOCIAL-PRODUCTION/apps/mobile/test/shared_visual_golden_test.dart: Activity 157 phone visual baseline
MOOLSOCIAL_STARTUP stage=ready snapshot=true setupComplete=true completedSetupVersion=5 requiredSetupVersion=5 authenticated=true
05:08 +284 ~4: C:/GUARANTEED OUTCOME/MOOLSOCIAL-PRODUCTION/apps/mobile/test/shared_vertical_slice_test.dart: screen 157 covers every filter, empty recovery and detail
05:09 +285 ~4: C:/GUARANTEED OUTCOME/MOOLSOCIAL-PRODUCTION/apps/mobile/test/shared_vertical_slice_test.dart: screen 157 covers every filter, empty recovery and detail
05:09 +285 ~4: C:/GUARANTEED OUTCOME/MOOLSOCIAL-PRODUCTION/apps/mobile/test/shared_visual_golden_test.dart: Identity 158 phone visual baseline
MOOLSOCIAL_STARTUP stage=ready snapshot=true setupComplete=true completedSetupVersion=5 requiredSetupVersion=5 authenticated=true
05:09 +286 ~4: C:/GUARANTEED OUTCOME/MOOLSOCIAL-PRODUCTION/apps/mobile/test/shared_vertical_slice_test.dart: screen 157 covers every filter, empty recovery and detail
05:09 +286 ~4: C:/GUARANTEED OUTCOME/MOOLSOCIAL-PRODUCTION/apps/mobile/test/shared_visual_golden_test.dart: Ask 159 phone visual baseline
MOOLSOCIAL_STARTUP stage=ready snapshot=true setupComplete=true completedSetupVersion=5 requiredSetupVersion=5 authenticated=true
05:09 +287 ~4: C:/GUARANTEED OUTCOME/MOOLSOCIAL-PRODUCTION/apps/mobile/test/shared_vertical_slice_test.dart: screen 157 covers every filter, empty recovery and detail
05:10 +287 ~4: C:/GUARANTEED OUTCOME/MOOLSOCIAL-PRODUCTION/apps/mobile/test/shared_visual_golden_test.dart: Files 160 phone visual baseline
MOOLSOCIAL_STARTUP stage=ready snapshot=true setupComplete=true completedSetupVersion=5 requiredSetupVersion=5 authenticated=true
05:10 +287 ~4: C:/GUARANTEED OUTCOME/MOOLSOCIAL-PRODUCTION/apps/mobile/test/shared_vertical_slice_test.dart: screen 157 covers every filter, empty recovery and detail
MOOLSOCIAL_STARTUP stage=ready snapshot=true setupComplete=true completedSetupVersion=5 requiredSetupVersion=5 authenticated=true
05:10 +288 ~4: C:/GUARANTEED OUTCOME/MOOLSOCIAL-PRODUCTION/apps/mobile/test/shared_vertical_slice_test.dart: screen 157 covers every filter, empty recovery and detail
05:10 +289 ~4: C:/GUARANTEED OUTCOME/MOOLSOCIAL-PRODUCTION/apps/mobile/test/social_v2_create_publication_test.dart: Create publishes entered Post copy into the public Feed
05:11 +290 ~4: C:/GUARANTEED OUTCOME/MOOLSOCIAL-PRODUCTION/apps/mobile/test/screen04_universal_v2_conformance_test.dart: Chat and deeper destinations return to the exact Universal context
05:11 +290 ~4: C:/GUARANTEED OUTCOME/MOOLSOCIAL-PRODUCTION/apps/mobile/test/shared_visual_golden_test.dart: Security 161 phone visual baseline
MOOLSOCIAL_STARTUP stage=ready snapshot=true setupComplete=true completedSetupVersion=5 requiredSetupVersion=5 authenticated=true
05:11 +291 ~4: C:/GUARANTEED OUTCOME/MOOLSOCIAL-PRODUCTION/apps/mobile/test/screen04_universal_v2_conformance_test.dart: Chat and deeper destinations return to the exact Universal context
MOOLSOCIAL_STARTUP stage=ready snapshot=true setupComplete=true completedSetupVersion=5 requiredSetupVersion=5 authenticated=true
05:12 +292 ~4: C:/GUARANTEED OUTCOME/MOOLSOCIAL-PRODUCTION/apps/mobile/test/shared_vertical_slice_test.dart: screen 158 covers every filter, empty recovery and detail
05:12 +292 ~4: C:/GUARANTEED OUTCOME/MOOLSOCIAL-PRODUCTION/apps/mobile/test/shared_visual_golden_test.dart: Workspaces 162 phone visual baseline
MOOLSOCIAL_STARTUP stage=ready snapshot=true setupComplete=true completedSetupVersion=5 requiredSetupVersion=5 authenticated=true
05:13 +292 ~4: C:/GUARANTEED OUTCOME/MOOLSOCIAL-PRODUCTION/apps/mobile/test/shared_vertical_slice_test.dart: screen 158 covers every filter, empty recovery and detail
MOOLSOCIAL_STARTUP stage=ready snapshot=true setupComplete=true completedSetupVersion=5 requiredSetupVersion=5 authenticated=true
05:13 +293 ~4: C:/GUARANTEED OUTCOME/MOOLSOCIAL-PRODUCTION/apps/mobile/test/social_v2_create_publication_test.dart: Create keeps every approved action in one direct workbench
05:13 +293 ~4: C:/GUARANTEED OUTCOME/MOOLSOCIAL-PRODUCTION/apps/mobile/test/screen04_universal_v2_conformance_test.dart: video watch keeps the capability rail and survives Chat return
MOOLSOCIAL_STARTUP stage=ready snapshot=true setupComplete=true completedSetupVersion=5 requiredSetupVersion=5 authenticated=true
05:13 +294 ~4: C:/GUARANTEED OUTCOME/MOOLSOCIAL-PRODUCTION/apps/mobile/test/social_v2_create_publication_test.dart: Create keeps every approved action in one direct workbench
05:13 +295 ~4: C:/GUARANTEED OUTCOME/MOOLSOCIAL-PRODUCTION/apps/mobile/test/shared_visual_golden_test.dart: Workspaces 162 phone visual baseline
05:14 +296 ~4: C:/GUARANTEED OUTCOME/MOOLSOCIAL-PRODUCTION/apps/mobile/test/shared_vertical_slice_test.dart: screen 159 covers every filter, empty recovery and detail
05:14 +297 ~4: C:/GUARANTEED OUTCOME/MOOLSOCIAL-PRODUCTION/apps/mobile/test/shared_vertical_slice_test.dart: screen 159 covers every filter, empty recovery and detail
05:14 +298 ~4: C:/GUARANTEED OUTCOME/MOOLSOCIAL-PRODUCTION/apps/mobile/test/shared_vertical_slice_test.dart: screen 159 covers every filter, empty recovery and detail
05:14 +298 ~4: C:/GUARANTEED OUTCOME/MOOLSOCIAL-PRODUCTION/apps/mobile/test/shared_visual_golden_test.dart: Controls 165 phone visual baseline
MOOLSOCIAL_STARTUP stage=ready snapshot=true setupComplete=true completedSetupVersion=5 requiredSetupVersion=5 authenticated=true
05:14 +299 ~4: C:/GUARANTEED OUTCOME/MOOLSOCIAL-PRODUCTION/apps/mobile/test/shared_vertical_slice_test.dart: screen 159 covers every filter, empty recovery and detail
05:15 +300 ~4: C:/GUARANTEED OUTCOME/MOOLSOCIAL-PRODUCTION/apps/mobile/test/shared_vertical_slice_test.dart: screen 159 covers every filter, empty recovery and detail
MOOLSOCIAL_STARTUP stage=ready snapshot=true setupComplete=true completedSetupVersion=5 requiredSetupVersion=5 authenticated=true
05:15 +301 ~4: C:/GUARANTEED OUTCOME/MOOLSOCIAL-PRODUCTION/apps/mobile/test/shared_visual_golden_test.dart: Activity nested intent phone visual baseline
MOOLSOCIAL_STARTUP stage=ready snapshot=true setupComplete=true completedSetupVersion=5 requiredSetupVersion=5 authenticated=true
05:16 +302 ~4: C:/GUARANTEED OUTCOME/MOOLSOCIAL-PRODUCTION/apps/mobile/test/screen04_universal_v2_conformance_test.dart: Feed and Create expose the same direct public-post contract
05:16 +303 ~4: C:/GUARANTEED OUTCOME/MOOLSOCIAL-PRODUCTION/apps/mobile/test/shared_vertical_slice_test.dart: screen 160 covers every filter, empty recovery and detail
05:17 +303 ~4: C:/GUARANTEED OUTCOME/MOOLSOCIAL-PRODUCTION/apps/mobile/test/shared_visual_golden_test.dart: Ask exact result phone visual baseline
MOOLSOCIAL_STARTUP stage=ready snapshot=true setupComplete=true completedSetupVersion=5 requiredSetupVersion=5 authenticated=true
05:17 +304 ~4: C:/GUARANTEED OUTCOME/MOOLSOCIAL-PRODUCTION/apps/mobile/test/shared_vertical_slice_test.dart: screen 160 covers every filter, empty recovery and detail
MOOLSOCIAL_STARTUP stage=ready snapshot=true setupComplete=true completedSetupVersion=5 requiredSetupVersion=5 authenticated=true
05:17 +305 ~4: C:/GUARANTEED OUTCOME/MOOLSOCIAL-PRODUCTION/apps/mobile/test/screen04_universal_v2_conformance_test.dart: every main action and sub-action keeps its active and next choice visible
05:19 +305 ~4: C:/GUARANTEED OUTCOME/MOOLSOCIAL-PRODUCTION/apps/mobile/test/shared_visual_golden_test.dart: Controls nested intent phone visual baseline
MOOLSOCIAL_STARTUP stage=ready snapshot=true setupComplete=true completedSetupVersion=5 requiredSetupVersion=5 authenticated=true
05:19 +306 ~4: C:/GUARANTEED OUTCOME/MOOLSOCIAL-PRODUCTION/apps/mobile/test/screen04_universal_v2_conformance_test.dart: every main action and sub-action keeps its active and next choice visible
05:19 +306 ~4: C:/GUARANTEED OUTCOME/MOOLSOCIAL-PRODUCTION/apps/mobile/test/shared_vertical_slice_test.dart: screen 161 covers every filter, empty recovery and detail
MOOLSOCIAL_STARTUP stage=ready snapshot=true setupComplete=true completedSetupVersion=5 requiredSetupVersion=5 authenticated=true
05:19 +307 ~4: C:/GUARANTEED OUTCOME/MOOLSOCIAL-PRODUCTION/apps/mobile/test/screen04_universal_v2_conformance_test.dart: every main action and sub-action keeps its active and next choice visible
05:21 +308 ~4: C:/GUARANTEED OUTCOME/MOOLSOCIAL-PRODUCTION/apps/mobile/test/screen04_universal_v2_conformance_test.dart: every main action and sub-action keeps its active and next choice visible
05:21 +309 ~4: C:/GUARANTEED OUTCOME/MOOLSOCIAL-PRODUCTION/apps/mobile/test/screen04_universal_v2_conformance_test.dart: every main action and sub-action keeps its active and next choice visible
05:22 +309 ~4: C:/GUARANTEED OUTCOME/MOOLSOCIAL-PRODUCTION/apps/mobile/test/shared_vertical_slice_test.dart: screen 162 covers every filter, empty recovery and detail
MOOLSOCIAL_STARTUP stage=ready snapshot=true setupComplete=true completedSetupVersion=5 requiredSetupVersion=5 authenticated=true
05:22 +310 ~4: C:/GUARANTEED OUTCOME/MOOLSOCIAL-PRODUCTION/apps/mobile/test/screen04_universal_v2_conformance_test.dart: every main action and sub-action keeps its active and next choice visible
05:23 +310 ~4: C:/GUARANTEED OUTCOME/MOOLSOCIAL-PRODUCTION/apps/mobile/test/social_v2_youtube_connect_return_test.dart: cold protected callback preserves the safe result through app startup
MOOLSOCIAL_STARTUP stage=ready snapshot=true setupComplete=true completedSetupVersion=5 requiredSetupVersion=5 authenticated=true
05:23 +311 ~4: C:/GUARANTEED OUTCOME/MOOLSOCIAL-PRODUCTION/apps/mobile/test/screen04_universal_v2_conformance_test.dart: every main action and sub-action keeps its active and next choice visible
05:23 +312 ~4: C:/GUARANTEED OUTCOME/MOOLSOCIAL-PRODUCTION/apps/mobile/test/screen04_universal_v2_conformance_test.dart: every main action and sub-action keeps its active and next choice visible
05:23 +313 ~4: C:/GUARANTEED OUTCOME/MOOLSOCIAL-PRODUCTION/apps/mobile/test/shared_vertical_slice_test.dart: screen 165 covers every filter, empty recovery and detail
05:23 +314 ~4: C:/GUARANTEED OUTCOME/MOOLSOCIAL-PRODUCTION/apps/mobile/test/shared_vertical_slice_test.dart: screen 165 covers every filter, empty recovery and detail
05:23 +315 ~4: C:/GUARANTEED OUTCOME/MOOLSOCIAL-PRODUCTION/apps/mobile/test/shared_vertical_slice_test.dart: screen 165 covers every filter, empty recovery and detail
05:23 +316 ~4: C:/GUARANTEED OUTCOME/MOOLSOCIAL-PRODUCTION/apps/mobile/test/shared_vertical_slice_test.dart: screen 165 covers every filter, empty recovery and detail
MOOLSOCIAL_STARTUP stage=ready snapshot=true setupComplete=true completedSetupVersion=5 requiredSetupVersion=5 authenticated=true
05:26 +317 ~4: C:/GUARANTEED OUTCOME/MOOLSOCIAL-PRODUCTION/apps/mobile/test/screen04_universal_v2_conformance_test.dart: all Screen 04 worlds and choices fit 320x568 at 100%
05:27 +318 ~4: C:/GUARANTEED OUTCOME/MOOLSOCIAL-PRODUCTION/apps/mobile/test/shared_vertical_slice_test.dart: screen 157 completes every primary and secondary exact retry
05:30 +318 ~4: C:/GUARANTEED OUTCOME/MOOLSOCIAL-PRODUCTION/apps/mobile/test/ui_v2_customer_copy_machine_gate_test.dart: state-complete customer-copy machine gate Screen 01 audits normal, reduced-motion, slow and recovery
MOOLSOCIAL_STARTUP stage=setup snapshot=false setupComplete=false completedSetupVersion=0 requiredSetupVersion=5 authenticated=false
MOOLSOCIAL_STARTUP stage=setup snapshot=false setupComplete=false completedSetupVersion=0 requiredSetupVersion=5 authenticated=false
MOOLSOCIAL_STARTUP stage=setup snapshot=false setupComplete=false completedSetupVersion=0 requiredSetupVersion=5 authenticated=false
MOOLSOCIAL_STARTUP stage=bootFailure
05:30 +319 ~4: C:/GUARANTEED OUTCOME/MOOLSOCIAL-PRODUCTION/apps/mobile/test/shared_vertical_slice_test.dart: screen 157 completes every primary and secondary exact retry
05:31 +320 ~4: C:/GUARANTEED OUTCOME/MOOLSOCIAL-PRODUCTION/apps/mobile/test/shared_vertical_slice_test.dart: screen 157 completes every primary and secondary exact retry
05:32 +320 ~4: C:/GUARANTEED OUTCOME/MOOLSOCIAL-PRODUCTION/apps/mobile/test/ui_v2_customer_copy_machine_gate_test.dart: state-complete customer-copy machine gate Screen 02 audits consent, resolving, resolved and every recovery
MOOLSOCIAL_STARTUP stage=setup snapshot=false setupComplete=false completedSetupVersion=0 requiredSetupVersion=5 authenticated=false
05:32 +320 ~4: C:/GUARANTEED OUTCOME/MOOLSOCIAL-PRODUCTION/apps/mobile/test/support_shortcuts_test.dart: Book, Work and Pay help shortcuts open the owned Support inbox
MOOLSOCIAL_STARTUP stage=ready snapshot=true setupComplete=true completedSetupVersion=5 requiredSetupVersion=5 authenticated=true
05:32 +321 ~4: C:/GUARANTEED OUTCOME/MOOLSOCIAL-PRODUCTION/apps/mobile/test/shared_vertical_slice_test.dart: screen 157 completes every primary and secondary exact retry
05:32 +321 ~4: C:/GUARANTEED OUTCOME/MOOLSOCIAL-PRODUCTION/apps/mobile/test/ui_v2_customer_copy_machine_gate_test.dart: state-complete customer-copy machine gate Screen 02 audits consent, resolving, resolved and every recovery
MOOLSOCIAL_STARTUP stage=setup snapshot=false setupComplete=false completedSetupVersion=0 requiredSetupVersion=5 authenticated=false
MOOLSOCIAL_STARTUP stage=setup snapshot=false setupComplete=false completedSetupVersion=0 requiredSetupVersion=5 authenticated=false
MOOLSOCIAL_STARTUP stage=setup snapshot=false setupComplete=false completedSetupVersion=0 requiredSetupVersion=5 authenticated=false
MOOLSOCIAL_STARTUP stage=setup snapshot=false setupComplete=false completedSetupVersion=0 requiredSetupVersion=5 authenticated=false
05:32 +322 ~4: C:/GUARANTEED OUTCOME/MOOLSOCIAL-PRODUCTION/apps/mobile/test/shared_vertical_slice_test.dart: screen 157 completes every primary and secondary exact retry
MOOLSOCIAL_STARTUP stage=ready snapshot=true setupComplete=true completedSetupVersion=5 requiredSetupVersion=5 authenticated=true
05:34 +323 ~4: C:/GUARANTEED OUTCOME/MOOLSOCIAL-PRODUCTION/apps/mobile/test/screen04_universal_v2_conformance_test.dart: all Screen 04 worlds and choices fit 360x640 at 100%
05:34 +324 ~4: C:/GUARANTEED OUTCOME/MOOLSOCIAL-PRODUCTION/apps/mobile/test/ui_v2_customer_copy_machine_gate_test.dart: state-complete customer-copy machine gate Screen 03 audits login, every provider return, target sheets and OTP
MOOLSOCIAL_STARTUP stage=signIn snapshot=true setupComplete=true completedSetupVersion=5 requiredSetupVersion=5 authenticated=false
MOOLSOCIAL_STARTUP stage=signIn snapshot=true setupComplete=true completedSetupVersion=5 requiredSetupVersion=5 authenticated=false
MOOLSOCIAL_STARTUP stage=signIn snapshot=true setupComplete=true completedSetupVersion=5 requiredSetupVersion=5 authenticated=false
05:37 +325 ~4: C:/GUARANTEED OUTCOME/MOOLSOCIAL-PRODUCTION/apps/mobile/test/shared_vertical_slice_test.dart: screen 158 completes every primary and secondary exact retry
05:38 +326 ~4: C:/GUARANTEED OUTCOME/MOOLSOCIAL-PRODUCTION/apps/mobile/test/shared_vertical_slice_test.dart: screen 158 completes every primary and secondary exact retry
MOOLSOCIAL_STARTUP stage=ready snapshot=true setupComplete=true completedSetupVersion=5 requiredSetupVersion=5 authenticated=true
05:39 +327 ~4: C:/GUARANTEED OUTCOME/MOOLSOCIAL-PRODUCTION/apps/mobile/test/ui_v2_first_open_interruption_test.dart: completed previous candidate is required to show current Screen 02
MOOLSOCIAL_STARTUP stage=setup snapshot=true setupComplete=true completedSetupVersion=4 requiredSetupVersion=5 authenticated=false
05:40 +328 ~4: C:/GUARANTEED OUTCOME/MOOLSOCIAL-PRODUCTION/apps/mobile/test/screen04_universal_v2_conformance_test.dart: all Screen 04 worlds and choices fit 360x720 at 100%
05:41 +328 ~4: C:/GUARANTEED OUTCOME/MOOLSOCIAL-PRODUCTION/apps/mobile/test/ui_v2_first_open_interruption_test.dart: call or app switch during Screen 01 restarts foreground handoff time
MOOLSOCIAL_STARTUP stage=setup snapshot=false setupComplete=false completedSetupVersion=0 requiredSetupVersion=5 authenticated=false
05:41 +329 ~4: C:/GUARANTEED OUTCOME/MOOLSOCIAL-PRODUCTION/apps/mobile/test/screen04_universal_v2_conformance_test.dart: all Screen 04 worlds and choices fit 360x720 at 100%
05:42 +330 ~4: C:/GUARANTEED OUTCOME/MOOLSOCIAL-PRODUCTION/apps/mobile/test/shared_vertical_slice_test.dart: screen 159 completes every primary and secondary exact retry
05:42 +330 ~4: C:/GUARANTEED OUTCOME/MOOLSOCIAL-PRODUCTION/apps/mobile/test/ui_v2_first_open_interruption_test.dart: Screen 02 interruption and process death cannot create completion
MOOLSOCIAL_STARTUP stage=setup snapshot=false setupComplete=false completedSetupVersion=0 requiredSetupVersion=5 authenticated=false
MOOLSOCIAL_STARTUP stage=setup snapshot=false setupComplete=false completedSetupVersion=0 requiredSetupVersion=5 authenticated=false
05:42 +331 ~4: C:/GUARANTEED OUTCOME/MOOLSOCIAL-PRODUCTION/apps/mobile/test/shared_vertical_slice_test.dart: screen 159 completes every primary and secondary exact retry
MOOLSOCIAL_STARTUP stage=ready snapshot=true setupComplete=true completedSetupVersion=5 requiredSetupVersion=5 authenticated=true
05:42 +332 ~4: C:/GUARANTEED OUTCOME/MOOLSOCIAL-PRODUCTION/apps/mobile/test/ui_v2_screen01_03_fitment_matrix_test.dart: Screen 01 normal, slow and recovery fit every phone viewport
05:43 +332 ~4: C:/GUARANTEED OUTCOME/MOOLSOCIAL-PRODUCTION/apps/mobile/test/ui_v2_first_open_interruption_test.dart: only an explicit Screen 02 completion permits a later sign-in handoff
MOOLSOCIAL_STARTUP stage=setup snapshot=false setupComplete=false completedSetupVersion=0 requiredSetupVersion=5 authenticated=false
MOOLSOCIAL_STARTUP stage=signIn snapshot=true setupComplete=true completedSetupVersion=5 requiredSetupVersion=5 authenticated=false
05:43 +333 ~4: C:/GUARANTEED OUTCOME/MOOLSOCIAL-PRODUCTION/apps/mobile/test/ui_v2_screen01_03_fitment_matrix_test.dart: Screen 01 normal, slow and recovery fit every phone viewport
MOOLSOCIAL_STARTUP stage=setup snapshot=false setupComplete=false completedSetupVersion=0 requiredSetupVersion=5 authenticated=false
MOOLSOCIAL_STARTUP stage=bootFailure
MOOLSOCIAL_STARTUP stage=setup snapshot=false setupComplete=false completedSetupVersion=0 requiredSetupVersion=5 authenticated=false
MOOLSOCIAL_STARTUP stage=bootFailure
MOOLSOCIAL_STARTUP stage=setup snapshot=false setupComplete=false completedSetupVersion=0 requiredSetupVersion=5 authenticated=false
MOOLSOCIAL_STARTUP stage=bootFailure
MOOLSOCIAL_STARTUP stage=setup snapshot=false setupComplete=false completedSetupVersion=0 requiredSetupVersion=5 authenticated=false
MOOLSOCIAL_STARTUP stage=bootFailure
MOOLSOCIAL_STARTUP stage=setup snapshot=false setupComplete=false completedSetupVersion=0 requiredSetupVersion=5 authenticated=false
MOOLSOCIAL_STARTUP stage=bootFailure
MOOLSOCIAL_STARTUP stage=setup snapshot=false setupComplete=false completedSetupVersion=0 requiredSetupVersion=5 authenticated=false
MOOLSOCIAL_STARTUP stage=bootFailure
MOOLSOCIAL_STARTUP stage=setup snapshot=false setupComplete=false completedSetupVersion=0 requiredSetupVersion=5 authenticated=false
MOOLSOCIAL_STARTUP stage=bootFailure
MOOLSOCIAL_STARTUP stage=setup snapshot=false setupComplete=false completedSetupVersion=0 requiredSetupVersion=5 authenticated=false
MOOLSOCIAL_STARTUP stage=bootFailure
MOOLSOCIAL_STARTUP stage=setup snapshot=false setupComplete=false completedSetupVersion=0 requiredSetupVersion=5 authenticated=false
MOOLSOCIAL_STARTUP stage=bootFailure
05:45 +334 ~4: C:/GUARANTEED OUTCOME/MOOLSOCIAL-PRODUCTION/apps/mobile/test/screen04_universal_v2_conformance_test.dart: all Screen 04 worlds and choices fit 360x720 at 140%
05:45 +335 ~4: C:/GUARANTEED OUTCOME/MOOLSOCIAL-PRODUCTION/apps/mobile/test/shared_vertical_slice_test.dart: screen 160 completes every primary and secondary exact retry
MOOLSOCIAL_STARTUP stage=ready snapshot=true setupComplete=true completedSetupVersion=5 requiredSetupVersion=5 authenticated=true
05:47 +336 ~4: C:/GUARANTEED OUTCOME/MOOLSOCIAL-PRODUCTION/apps/mobile/test/ui_v2_screen01_03_fitment_matrix_test.dart: Screen 02 consent, resolved and recovery fit every phone viewport
05:47 +336 ~4: C:/GUARANTEED OUTCOME/MOOLSOCIAL-PRODUCTION/apps/mobile/test/shared_vertical_slice_test.dart: screen 161 completes every primary and secondary exact retry
MOOLSOCIAL_STARTUP stage=ready snapshot=true setupComplete=true completedSetupVersion=5 requiredSetupVersion=5 authenticated=true
05:48 +337 ~4: C:/GUARANTEED OUTCOME/MOOLSOCIAL-PRODUCTION/apps/mobile/test/ui_v2_screen01_03_fitment_matrix_test.dart: Screen 02 consent, resolved and recovery fit every phone viewport
MOOLSOCIAL_STARTUP stage=setup snapshot=false setupComplete=false completedSetupVersion=0 requiredSetupVersion=5 authenticated=false
MOOLSOCIAL_STARTUP stage=setup snapshot=false setupComplete=false completedSetupVersion=0 requiredSetupVersion=5 authenticated=false
MOOLSOCIAL_STARTUP stage=setup snapshot=false setupComplete=false completedSetupVersion=0 requiredSetupVersion=5 authenticated=false
MOOLSOCIAL_STARTUP stage=setup snapshot=false setupComplete=false completedSetupVersion=0 requiredSetupVersion=5 authenticated=false
MOOLSOCIAL_STARTUP stage=setup snapshot=false setupComplete=false completedSetupVersion=0 requiredSetupVersion=5 authenticated=false
MOOLSOCIAL_STARTUP stage=setup snapshot=false setupComplete=false completedSetupVersion=0 requiredSetupVersion=5 authenticated=false
MOOLSOCIAL_STARTUP stage=setup snapshot=false setupComplete=false completedSetupVersion=0 requiredSetupVersion=5 authenticated=false
MOOLSOCIAL_STARTUP stage=setup snapshot=false setupComplete=false completedSetupVersion=0 requiredSetupVersion=5 authenticated=false
MOOLSOCIAL_STARTUP stage=setup snapshot=false setupComplete=false completedSetupVersion=0 requiredSetupVersion=5 authenticated=false
MOOLSOCIAL_STARTUP stage=setup snapshot=false setupComplete=false completedSetupVersion=0 requiredSetupVersion=5 authenticated=false
MOOLSOCIAL_STARTUP stage=setup snapshot=false setupComplete=false completedSetupVersion=0 requiredSetupVersion=5 authenticated=false
MOOLSOCIAL_STARTUP stage=setup snapshot=false setupComplete=false completedSetupVersion=0 requiredSetupVersion=5 authenticated=false
MOOLSOCIAL_STARTUP stage=setup snapshot=false setupComplete=false completedSetupVersion=0 requiredSetupVersion=5 authenticated=false
MOOLSOCIAL_STARTUP stage=setup snapshot=false setupComplete=false completedSetupVersion=0 requiredSetupVersion=5 authenticated=false
MOOLSOCIAL_STARTUP stage=setup snapshot=false setupComplete=false completedSetupVersion=0 requiredSetupVersion=5 authenticated=false
MOOLSOCIAL_STARTUP stage=setup snapshot=false setupComplete=false completedSetupVersion=0 requiredSetupVersion=5 authenticated=false
MOOLSOCIAL_STARTUP stage=setup snapshot=false setupComplete=false completedSetupVersion=0 requiredSetupVersion=5 authenticated=false
MOOLSOCIAL_STARTUP stage=setup snapshot=false setupComplete=false completedSetupVersion=0 requiredSetupVersion=5 authenticated=false
MOOLSOCIAL_STARTUP stage=setup snapshot=false setupComplete=false completedSetupVersion=0 requiredSetupVersion=5 authenticated=false
MOOLSOCIAL_STARTUP stage=setup snapshot=false setupComplete=false completedSetupVersion=0 requiredSetupVersion=5 authenticated=false
MOOLSOCIAL_STARTUP stage=setup snapshot=false setupComplete=false completedSetupVersion=0 requiredSetupVersion=5 authenticated=false
MOOLSOCIAL_STARTUP stage=setup snapshot=false setupComplete=false completedSetupVersion=0 requiredSetupVersion=5 authenticated=false
MOOLSOCIAL_STARTUP stage=setup snapshot=false setupComplete=false completedSetupVersion=0 requiredSetupVersion=5 authenticated=false
MOOLSOCIAL_STARTUP stage=setup snapshot=false setupComplete=false completedSetupVersion=0 requiredSetupVersion=5 authenticated=false
MOOLSOCIAL_STARTUP stage=setup snapshot=false setupComplete=false completedSetupVersion=0 requiredSetupVersion=5 authenticated=false
MOOLSOCIAL_STARTUP stage=setup snapshot=false setupComplete=false completedSetupVersion=0 requiredSetupVersion=5 authenticated=false
MOOLSOCIAL_STARTUP stage=setup snapshot=false setupComplete=false completedSetupVersion=0 requiredSetupVersion=5 authenticated=false
05:49 +338 ~4: C:/GUARANTEED OUTCOME/MOOLSOCIAL-PRODUCTION/apps/mobile/test/ui_v2_screen01_app_splash_test.dart: approved motion travels left to right and returns before handoff
MOOLSOCIAL_STARTUP stage=setup snapshot=false setupComplete=false completedSetupVersion=0 requiredSetupVersion=5 authenticated=false
05:49 +339 ~4: C:/GUARANTEED OUTCOME/MOOLSOCIAL-PRODUCTION/apps/mobile/test/shared_vertical_slice_test.dart: screen 161 completes every primary and secondary exact retry
05:49 +339 ~4: C:/GUARANTEED OUTCOME/MOOLSOCIAL-PRODUCTION/apps/mobile/test/ui_v2_screen01_app_splash_test.dart: reduced motion uses a static identity line
MOOLSOCIAL_STARTUP stage=setup snapshot=false setupComplete=false completedSetupVersion=0 requiredSetupVersion=5 authenticated=false
05:49 +340 ~4: C:/GUARANTEED OUTCOME/MOOLSOCIAL-PRODUCTION/apps/mobile/test/shared_vertical_slice_test.dart: screen 161 completes every primary and secondary exact retry
05:49 +340 ~4: C:/GUARANTEED OUTCOME/MOOLSOCIAL-PRODUCTION/apps/mobile/test/ui_v2_screen01_app_splash_test.dart: boot failure exposes Retry and preserves Help intent
MOOLSOCIAL_STARTUP stage=bootFailure
MOOLSOCIAL_STARTUP stage=bootFailure
05:49 +341 ~4: C:/GUARANTEED OUTCOME/MOOLSOCIAL-PRODUCTION/apps/mobile/test/shared_vertical_slice_test.dart: screen 161 completes every primary and secondary exact retry
05:50 +342 ~4: C:/GUARANTEED OUTCOME/MOOLSOCIAL-PRODUCTION/apps/mobile/test/screen04_universal_v2_conformance_test.dart: all Screen 04 worlds and choices fit 375x667 at 140%
05:51 +343 ~4: C:/GUARANTEED OUTCOME/MOOLSOCIAL-PRODUCTION/apps/mobile/test/ui_v2_screen01_03_fitment_matrix_test.dart: Screen 03 login, mobile OTP and email OTP fit every phone viewport
MOOLSOCIAL_STARTUP stage=signIn snapshot=true setupComplete=true completedSetupVersion=5 requiredSetupVersion=5 authenticated=false
MOOLSOCIAL_STARTUP stage=signIn snapshot=true setupComplete=true completedSetupVersion=5 requiredSetupVersion=5 authenticated=false
MOOLSOCIAL_STARTUP stage=signIn snapshot=true setupComplete=true completedSetupVersion=5 requiredSetupVersion=5 authenticated=false
MOOLSOCIAL_STARTUP stage=signIn snapshot=true setupComplete=true completedSetupVersion=5 requiredSetupVersion=5 authenticated=false
MOOLSOCIAL_STARTUP stage=signIn snapshot=true setupComplete=true completedSetupVersion=5 requiredSetupVersion=5 authenticated=false
MOOLSOCIAL_STARTUP stage=signIn snapshot=true setupComplete=true completedSetupVersion=5 requiredSetupVersion=5 authenticated=false
MOOLSOCIAL_STARTUP stage=signIn snapshot=true setupComplete=true completedSetupVersion=5 requiredSetupVersion=5 authenticated=false
MOOLSOCIAL_STARTUP stage=signIn snapshot=true setupComplete=true completedSetupVersion=5 requiredSetupVersion=5 authenticated=false
MOOLSOCIAL_STARTUP stage=signIn snapshot=true setupComplete=true completedSetupVersion=5 requiredSetupVersion=5 authenticated=false
MOOLSOCIAL_STARTUP stage=signIn snapshot=true setupComplete=true completedSetupVersion=5 requiredSetupVersion=5 authenticated=false
MOOLSOCIAL_STARTUP stage=signIn snapshot=true setupComplete=true completedSetupVersion=5 requiredSetupVersion=5 authenticated=false
MOOLSOCIAL_STARTUP stage=signIn snapshot=true setupComplete=true completedSetupVersion=5 requiredSetupVersion=5 authenticated=false
MOOLSOCIAL_STARTUP stage=signIn snapshot=true setupComplete=true completedSetupVersion=5 requiredSetupVersion=5 authenticated=false
MOOLSOCIAL_STARTUP stage=signIn snapshot=true setupComplete=true completedSetupVersion=5 requiredSetupVersion=5 authenticated=false
MOOLSOCIAL_STARTUP stage=signIn snapshot=true setupComplete=true completedSetupVersion=5 requiredSetupVersion=5 authenticated=false
MOOLSOCIAL_STARTUP stage=signIn snapshot=true setupComplete=true completedSetupVersion=5 requiredSetupVersion=5 authenticated=false
MOOLSOCIAL_STARTUP stage=signIn snapshot=true setupComplete=true completedSetupVersion=5 requiredSetupVersion=5 authenticated=false
MOOLSOCIAL_STARTUP stage=signIn snapshot=true setupComplete=true completedSetupVersion=5 requiredSetupVersion=5 authenticated=false
MOOLSOCIAL_STARTUP stage=signIn snapshot=true setupComplete=true completedSetupVersion=5 requiredSetupVersion=5 authenticated=false
MOOLSOCIAL_STARTUP stage=signIn snapshot=true setupComplete=true completedSetupVersion=5 requiredSetupVersion=5 authenticated=false
MOOLSOCIAL_STARTUP stage=signIn snapshot=true setupComplete=true completedSetupVersion=5 requiredSetupVersion=5 authenticated=false
MOOLSOCIAL_STARTUP stage=signIn snapshot=true setupComplete=true completedSetupVersion=5 requiredSetupVersion=5 authenticated=false
MOOLSOCIAL_STARTUP stage=signIn snapshot=true setupComplete=true completedSetupVersion=5 requiredSetupVersion=5 authenticated=false
MOOLSOCIAL_STARTUP stage=signIn snapshot=true setupComplete=true completedSetupVersion=5 requiredSetupVersion=5 authenticated=false
MOOLSOCIAL_STARTUP stage=signIn snapshot=true setupComplete=true completedSetupVersion=5 requiredSetupVersion=5 authenticated=false
MOOLSOCIAL_STARTUP stage=signIn snapshot=true setupComplete=true completedSetupVersion=5 requiredSetupVersion=5 authenticated=false
MOOLSOCIAL_STARTUP stage=signIn snapshot=true setupComplete=true completedSetupVersion=5 requiredSetupVersion=5 authenticated=false
05:54 +344 ~4: C:/GUARANTEED OUTCOME/MOOLSOCIAL-PRODUCTION/apps/mobile/test/shared_vertical_slice_test.dart: screen 162 completes every primary and secondary exact retry
05:55 +345 ~4: C:/GUARANTEED OUTCOME/MOOLSOCIAL-PRODUCTION/apps/mobile/test/shared_vertical_slice_test.dart: screen 162 completes every primary and secondary exact retry
05:55 +345 ~4: C:/GUARANTEED OUTCOME/MOOLSOCIAL-PRODUCTION/apps/mobile/test/ui_v2_screen01_golden_test.dart: Screen 01 Flutter V2 comparison capture at 360x720
MOOLSOCIAL_STARTUP stage=setup snapshot=false setupComplete=false completedSetupVersion=0 requiredSetupVersion=5 authenticated=false
05:55 +346 ~4: C:/GUARANTEED OUTCOME/MOOLSOCIAL-PRODUCTION/apps/mobile/test/shared_vertical_slice_test.dart: screen 162 completes every primary and secondary exact retry
05:55 +346 ~4: C:/GUARANTEED OUTCOME/MOOLSOCIAL-PRODUCTION/apps/mobile/test/ui_v2_screen01_golden_test.dart: Screen 01 slow handoff comparison capture at 360x720
MOOLSOCIAL_STARTUP stage=setup snapshot=false setupComplete=false completedSetupVersion=0 requiredSetupVersion=5 authenticated=false
05:55 +347 ~4: C:/GUARANTEED OUTCOME/MOOLSOCIAL-PRODUCTION/apps/mobile/test/shared_vertical_slice_test.dart: screen 162 completes every primary and secondary exact retry
05:55 +347 ~4: C:/GUARANTEED OUTCOME/MOOLSOCIAL-PRODUCTION/apps/mobile/test/ui_v2_screen01_golden_test.dart: Screen 01 recovery comparison capture at 360x720
MOOLSOCIAL_STARTUP stage=bootFailure
05:55 +348 ~4: C:/GUARANTEED OUTCOME/MOOLSOCIAL-PRODUCTION/apps/mobile/test/shared_vertical_slice_test.dart: screen 162 completes every primary and secondary exact retry
05:58 +349 ~4: C:/GUARANTEED OUTCOME/MOOLSOCIAL-PRODUCTION/apps/mobile/test/shared_vertical_slice_test.dart: screen 162 completes every primary and secondary exact retry
MOOLSOCIAL_STARTUP stage=ready snapshot=true setupComplete=true completedSetupVersion=5 requiredSetupVersion=5 authenticated=true
05:59 +350 ~4: C:/GUARANTEED OUTCOME/MOOLSOCIAL-PRODUCTION/apps/mobile/test/ui_v2_screen02_first_setup_test.dart: consent appears before any phone location request
MOOLSOCIAL_STARTUP stage=setup snapshot=false setupComplete=false completedSetupVersion=0 requiredSetupVersion=5 authenticated=false
05:59 +351 ~4: C:/GUARANTEED OUTCOME/MOOLSOCIAL-PRODUCTION/apps/mobile/test/screen04_universal_v2_conformance_test.dart: all Screen 04 worlds and choices fit 412x915 at 100%
06:00 +351 ~4: C:/GUARANTEED OUTCOME/MOOLSOCIAL-PRODUCTION/apps/mobile/test/ui_v2_screen02_first_setup_test.dart: consent resolves the current location name then continues
MOOLSOCIAL_STARTUP stage=setup snapshot=false setupComplete=false completedSetupVersion=0 requiredSetupVersion=5 authenticated=false
06:00 +352 ~4: C:/GUARANTEED OUTCOME/MOOLSOCIAL-PRODUCTION/apps/mobile/test/screen04_universal_v2_conformance_test.dart: all Screen 04 worlds and choices fit 412x915 at 100%
06:00 +352 ~4: C:/GUARANTEED OUTCOME/MOOLSOCIAL-PRODUCTION/apps/mobile/test/ui_v2_screen02_first_setup_test.dart: Location Services off opens phone settings and rechecks
MOOLSOCIAL_STARTUP stage=setup snapshot=false setupComplete=false completedSetupVersion=0 requiredSetupVersion=5 authenticated=false
06:00 +353 ~4: C:/GUARANTEED OUTCOME/MOOLSOCIAL-PRODUCTION/apps/mobile/test/screen04_universal_v2_conformance_test.dart: all Screen 04 worlds and choices fit 412x915 at 100%
06:00 +353 ~4: C:/GUARANTEED OUTCOME/MOOLSOCIAL-PRODUCTION/apps/mobile/test/ui_v2_screen02_first_setup_test.dart: permission not allowed opens app settings
MOOLSOCIAL_STARTUP stage=setup snapshot=false setupComplete=false completedSetupVersion=0 requiredSetupVersion=5 authenticated=false
06:00 +354 ~4: C:/GUARANTEED OUTCOME/MOOLSOCIAL-PRODUCTION/apps/mobile/test/screen04_universal_v2_conformance_test.dart: all Screen 04 worlds and choices fit 412x915 at 100%
06:00 +354 ~4: C:/GUARANTEED OUTCOME/MOOLSOCIAL-PRODUCTION/apps/mobile/test/ui_v2_screen02_first_setup_test.dart: continue for now keeps the path clean and reaches sign-in
MOOLSOCIAL_STARTUP stage=setup snapshot=false setupComplete=false completedSetupVersion=0 requiredSetupVersion=5 authenticated=false
06:00 +355 ~4: C:/GUARANTEED OUTCOME/MOOLSOCIAL-PRODUCTION/apps/mobile/test/screen04_universal_v2_conformance_test.dart: all Screen 04 worlds and choices fit 412x915 at 100%
06:00 +355 ~4: C:/GUARANTEED OUTCOME/MOOLSOCIAL-PRODUCTION/apps/mobile/test/ui_v2_screen02_first_setup_test.dart: customer viewport excludes internal working language
MOOLSOCIAL_STARTUP stage=setup snapshot=false setupComplete=false completedSetupVersion=0 requiredSetupVersion=5 authenticated=false
06:00 +356 ~4: C:/GUARANTEED OUTCOME/MOOLSOCIAL-PRODUCTION/apps/mobile/test/screen04_universal_v2_conformance_test.dart: all Screen 04 worlds and choices fit 412x915 at 100%
06:01 +357 ~4: C:/GUARANTEED OUTCOME/MOOLSOCIAL-PRODUCTION/apps/mobile/test/shared_vertical_slice_test.dart: screen 165 completes every primary and secondary exact retry
06:01 +357 ~4: C:/GUARANTEED OUTCOME/MOOLSOCIAL-PRODUCTION/apps/mobile/test/ui_v2_screen02_first_setup_test.dart: verify route is blocked until Screen 02 completes
MOOLSOCIAL_STARTUP stage=setup snapshot=false setupComplete=false completedSetupVersion=0 requiredSetupVersion=5 authenticated=false
06:01 +358 ~4: C:/GUARANTEED OUTCOME/MOOLSOCIAL-PRODUCTION/apps/mobile/test/shared_vertical_slice_test.dart: screen 165 completes every primary and secondary exact retry
06:01 +358 ~4: C:/GUARANTEED OUTCOME/MOOLSOCIAL-PRODUCTION/apps/mobile/test/ui_v2_screen02_golden_test.dart: Screen 02 consent candidate at 360x720
MOOLSOCIAL_STARTUP stage=setup snapshot=false setupComplete=false completedSetupVersion=0 requiredSetupVersion=5 authenticated=false
06:01 +359 ~4: C:/GUARANTEED OUTCOME/MOOLSOCIAL-PRODUCTION/apps/mobile/test/shared_vertical_slice_test.dart: screen 165 completes every primary and secondary exact retry
06:04 +360 ~4: C:/GUARANTEED OUTCOME/MOOLSOCIAL-PRODUCTION/apps/mobile/test/shared_vertical_slice_test.dart: screen 165 completes every primary and secondary exact retry
06:07 +360 ~4: C:/GUARANTEED OUTCOME/MOOLSOCIAL-PRODUCTION/apps/mobile/test/ui_v2_screen03_golden_test.dart: Screen 03 login candidate at 360x720
MOOLSOCIAL_STARTUP stage=signIn snapshot=true setupComplete=true completedSetupVersion=5 requiredSetupVersion=5 authenticated=false
06:07 +361 ~4: C:/GUARANTEED OUTCOME/MOOLSOCIAL-PRODUCTION/apps/mobile/test/shared_vertical_slice_test.dart: screen 165 completes every primary and secondary exact retry
06:07 +362 ~4: C:/GUARANTEED OUTCOME/MOOLSOCIAL-PRODUCTION/apps/mobile/test/shared_vertical_slice_test.dart: screen 165 completes every primary and secondary exact retry
06:07 +362 ~4: C:/GUARANTEED OUTCOME/MOOLSOCIAL-PRODUCTION/apps/mobile/test/ui_v2_screen03_login_test.dart: approved login options fit the 360x720 viewport
MOOLSOCIAL_STARTUP stage=signIn snapshot=true setupComplete=true completedSetupVersion=5 requiredSetupVersion=5 authenticated=false
06:07 +363 ~4: C:/GUARANTEED OUTCOME/MOOLSOCIAL-PRODUCTION/apps/mobile/test/shared_vertical_slice_test.dart: screen 165 completes every primary and secondary exact retry
06:07 +363 ~4: C:/GUARANTEED OUTCOME/MOOLSOCIAL-PRODUCTION/apps/mobile/test/ui_v2_screen03_golden_test.dart: Screen 03 mobile OTP candidate at 360x720
MOOLSOCIAL_STARTUP stage=signIn snapshot=true setupComplete=true completedSetupVersion=5 requiredSetupVersion=5 authenticated=false
06:08 +364 ~4: C:/GUARANTEED OUTCOME/MOOLSOCIAL-PRODUCTION/apps/mobile/test/shared_vertical_slice_test.dart: screen 165 completes every primary and secondary exact retry
06:08 +364 ~4: C:/GUARANTEED OUTCOME/MOOLSOCIAL-PRODUCTION/apps/mobile/test/ui_v2_screen03_golden_test.dart: Screen 03 email OTP candidate at 360x720
MOOLSOCIAL_STARTUP stage=signIn snapshot=true setupComplete=true completedSetupVersion=5 requiredSetupVersion=5 authenticated=false
06:08 +365 ~4: C:/GUARANTEED OUTCOME/MOOLSOCIAL-PRODUCTION/apps/mobile/test/shared_vertical_slice_test.dart: screen 165 completes every primary and secondary exact retry
06:09 +365 ~4: C:/GUARANTEED OUTCOME/MOOLSOCIAL-PRODUCTION/apps/mobile/test/ui_v2_screen03_login_test.dart: every provider tap reaches its own recoverable return state
MOOLSOCIAL_STARTUP stage=signIn snapshot=true setupComplete=true completedSetupVersion=5 requiredSetupVersion=5 authenticated=false
06:09 +366 ~4: C:/GUARANTEED OUTCOME/MOOLSOCIAL-PRODUCTION/apps/mobile/test/shared_vertical_slice_test.dart: screen 165 completes every primary and secondary exact retry
06:10 +367 ~4: C:/GUARANTEED OUTCOME/MOOLSOCIAL-PRODUCTION/apps/mobile/test/shared_vertical_slice_test.dart: screen 165 completes every primary and secondary exact retry
MOOLSOCIAL_STARTUP stage=ready snapshot=true setupComplete=true completedSetupVersion=5 requiredSetupVersion=5 authenticated=true
06:10 +368 ~4: C:/GUARANTEED OUTCOME/MOOLSOCIAL-PRODUCTION/apps/mobile/test/ui_v2_screen03_login_test.dart: mobile target validates then opens the accepted OTP state
06:10 +369 ~4: C:/GUARANTEED OUTCOME/MOOLSOCIAL-PRODUCTION/apps/mobile/test/ui_v2_screen03_login_test.dart: mobile target validates then opens the accepted OTP state
MOOLSOCIAL_STARTUP stage=signIn snapshot=true setupComplete=true completedSetupVersion=5 requiredSetupVersion=5 authenticated=false
06:11 +370 ~4: C:/GUARANTEED OUTCOME/MOOLSOCIAL-PRODUCTION/apps/mobile/test/shared_vertical_slice_test.dart: screen 159 covers invalid, no match, scan, voice, permissions and retry
06:12 +370 ~4: C:/GUARANTEED OUTCOME/MOOLSOCIAL-PRODUCTION/apps/mobile/test/ui_v2_screen03_login_test.dart: email target and verification complete to ready
MOOLSOCIAL_STARTUP stage=signIn snapshot=true setupComplete=true completedSetupVersion=5 requiredSetupVersion=5 authenticated=false
06:12 +371 ~4: C:/GUARANTEED OUTCOME/MOOLSOCIAL-PRODUCTION/apps/mobile/test/shared_vertical_slice_test.dart: screen 159 covers invalid, no match, scan, voice, permissions and retry
MOOLSOCIAL_STARTUP stage=ready snapshot=true setupComplete=true completedSetupVersion=5 requiredSetupVersion=5 authenticated=true
06:12 +372 ~4: C:/GUARANTEED OUTCOME/MOOLSOCIAL-PRODUCTION/apps/mobile/test/ui_v2_screen03_login_test.dart: resend replaces a stale review autofill code
MOOLSOCIAL_STARTUP stage=signIn snapshot=true setupComplete=true completedSetupVersion=5 requiredSetupVersion=5 authenticated=false
06:12 +373 ~4: C:/GUARANTEED OUTCOME/MOOLSOCIAL-PRODUCTION/apps/mobile/test/shared_vertical_slice_test.dart: screen 160 completes all file-source and cancel choices
06:12 +373 ~4: C:/GUARANTEED OUTCOME/MOOLSOCIAL-PRODUCTION/apps/mobile/test/ui_v2_screen03_login_test.dart: customer viewport contains no internal working language
MOOLSOCIAL_STARTUP stage=signIn snapshot=true setupComplete=true completedSetupVersion=5 requiredSetupVersion=5 authenticated=false
06:12 +374 ~4: C:/GUARANTEED OUTCOME/MOOLSOCIAL-PRODUCTION/apps/mobile/test/shared_vertical_slice_test.dart: screen 160 completes all file-source and cancel choices
MOOLSOCIAL_STARTUP stage=ready snapshot=true setupComplete=true completedSetupVersion=5 requiredSetupVersion=5 authenticated=true
06:13 +375 ~4: C:/GUARANTEED OUTCOME/MOOLSOCIAL-PRODUCTION/apps/mobile/test/ui_v2_social_continuous_batch_test.dart: Social UI V2 consumer journeys Shorts engagement and filters change visible state
06:13 +375 ~4: C:/GUARANTEED OUTCOME/MOOLSOCIAL-PRODUCTION/apps/mobile/test/shared_vertical_slice_test.dart: screen 165 tests every control, locked boundary and pause duration
MOOLSOCIAL_STARTUP stage=ready snapshot=true setupComplete=true completedSetupVersion=5 requiredSetupVersion=5 authenticated=true
06:15 +376 ~4: C:/GUARANTEED OUTCOME/MOOLSOCIAL-PRODUCTION/apps/mobile/test/shared_vertical_slice_test.dart: screen 165 tests every control, locked boundary and pause duration
06:18 +377 ~4: C:/GUARANTEED OUTCOME/MOOLSOCIAL-PRODUCTION/apps/mobile/test/shared_vertical_slice_test.dart: screen 165 tests every control, locked boundary and pause duration
06:19 +378 ~4: C:/GUARANTEED OUTCOME/MOOLSOCIAL-PRODUCTION/apps/mobile/test/shared_vertical_slice_test.dart: screen 165 tests every control, locked boundary and pause duration
06:20 +379 ~4: C:/GUARANTEED OUTCOME/MOOLSOCIAL-PRODUCTION/apps/mobile/test/shared_vertical_slice_test.dart: screen 165 tests every control, locked boundary and pause duration
06:21 +379 ~4: C:/GUARANTEED OUTCOME/MOOLSOCIAL-PRODUCTION/apps/mobile/test/ui_v2_social_continuous_batch_test.dart: Social UI V2 consumer journeys Feed lays out with the production app theme
MOOLSOCIAL_STARTUP stage=ready snapshot=true setupComplete=true completedSetupVersion=5 requiredSetupVersion=5 authenticated=true
06:21 +380 ~4: C:/GUARANTEED OUTCOME/MOOLSOCIAL-PRODUCTION/apps/mobile/test/shared_vertical_slice_test.dart: screen 165 tests every control, locked boundary and pause duration
06:21 +381 ~4: C:/GUARANTEED OUTCOME/MOOLSOCIAL-PRODUCTION/apps/mobile/test/shared_vertical_slice_test.dart: screen 165 tests every control, locked boundary and pause duration
06:21 +382 ~4: C:/GUARANTEED OUTCOME/MOOLSOCIAL-PRODUCTION/apps/mobile/test/shared_vertical_slice_test.dart: screen 165 tests every control, locked boundary and pause duration
06:22 +383 ~4: C:/GUARANTEED OUTCOME/MOOLSOCIAL-PRODUCTION/apps/mobile/test/shared_vertical_slice_test.dart: screen 165 tests every control, locked boundary and pause duration
06:22 +384 ~4: C:/GUARANTEED OUTCOME/MOOLSOCIAL-PRODUCTION/apps/mobile/test/shared_vertical_slice_test.dart: screen 165 tests every control, locked boundary and pause duration
06:23 +385 ~4: C:/GUARANTEED OUTCOME/MOOLSOCIAL-PRODUCTION/apps/mobile/test/shared_vertical_slice_test.dart: screen 165 tests every control, locked boundary and pause duration
06:23 +386 ~4: C:/GUARANTEED OUTCOME/MOOLSOCIAL-PRODUCTION/apps/mobile/test/ui_v2_social_customer_copy_gate_test.dart: Social consumer and every Creator owner use customer-ready copy
06:23 +386 ~4: C:/GUARANTEED OUTCOME/MOOLSOCIAL-PRODUCTION/apps/mobile/test/shared_vertical_slice_test.dart: protected shared actions preserve state when offline
MOOLSOCIAL_STARTUP stage=ready snapshot=true setupComplete=true completedSetupVersion=5 requiredSetupVersion=5 authenticated=true
06:23 +387 ~4: C:/GUARANTEED OUTCOME/MOOLSOCIAL-PRODUCTION/apps/mobile/test/ui_v2_social_customer_copy_gate_test.dart: Social consumer and every Creator owner use customer-ready copy
06:23 +387 ~4: C:/GUARANTEED OUTCOME/MOOLSOCIAL-PRODUCTION/apps/mobile/test/shared_vertical_slice_test.dart: protected shared actions preserve state when denied
MOOLSOCIAL_STARTUP stage=ready snapshot=true setupComplete=true completedSetupVersion=5 requiredSetupVersion=5 authenticated=true
06:23 +388 ~4: C:/GUARANTEED OUTCOME/MOOLSOCIAL-PRODUCTION/apps/mobile/test/ui_v2_social_customer_copy_gate_test.dart: Social consumer and every Creator owner use customer-ready copy
06:24 +389 ~4: C:/GUARANTEED OUTCOME/MOOLSOCIAL-PRODUCTION/apps/mobile/test/ui_v2_social_customer_copy_gate_test.dart: Social consumer and every Creator owner use customer-ready copy
06:24 +390 ~4: C:/GUARANTEED OUTCOME/MOOLSOCIAL-PRODUCTION/apps/mobile/test/ui_v2_social_customer_copy_gate_test.dart: Social consumer and every Creator owner use customer-ready copy
06:25 +390 ~4: C:/GUARANTEED OUTCOME/MOOLSOCIAL-PRODUCTION/apps/mobile/test/shared_vertical_slice_test.dart: universal profile and shared dock reach every shared owner and return
MOOLSOCIAL_STARTUP stage=ready snapshot=true setupComplete=true completedSetupVersion=5 requiredSetupVersion=5 authenticated=true
06:25 +391 ~4: C:/GUARANTEED OUTCOME/MOOLSOCIAL-PRODUCTION/apps/mobile/test/ui_v2_social_customer_copy_gate_test.dart: Social consumer and every Creator owner use customer-ready copy
06:25 +392 ~4: C:/GUARANTEED OUTCOME/MOOLSOCIAL-PRODUCTION/apps/mobile/test/ui_v2_social_customer_copy_gate_test.dart: Social consumer and every Creator owner use customer-ready copy
06:26 +393 ~4: C:/GUARANTEED OUTCOME/MOOLSOCIAL-PRODUCTION/apps/mobile/test/ui_v2_social_continuous_batch_test.dart: Creator, plans and promotion owners global Social rail leaves an imperatively opened YouTube workflow
06:26 +394 ~4: C:/GUARANTEED OUTCOME/MOOLSOCIAL-PRODUCTION/apps/mobile/test/ui_v2_social_continuous_batch_test.dart: Creator, plans and promotion owners global Social rail leaves an imperatively opened YouTube workflow
MOOLSOCIAL_STARTUP stage=ready snapshot=true setupComplete=true completedSetupVersion=5 requiredSetupVersion=5 authenticated=true
06:27 +395 ~4: C:/GUARANTEED OUTCOME/MOOLSOCIAL-PRODUCTION/apps/mobile/test/ui_v2_social_customer_copy_gate_test.dart: YouTube Connect copy stays customer-ready through every step
06:27 +396 ~4: C:/GUARANTEED OUTCOME/MOOLSOCIAL-PRODUCTION/apps/mobile/test/ui_v2_social_fitment_matrix_test.dart: all Social first-layer screens fit 360x720 at 140%
06:27 +397 ~4: C:/GUARANTEED OUTCOME/MOOLSOCIAL-PRODUCTION/apps/mobile/test/ui_v2_social_continuous_batch_test.dart: Creator, plans and promotion owners plan-detail Social rail reaches the selected destination
MOOLSOCIAL_STARTUP stage=ready snapshot=true setupComplete=true completedSetupVersion=5 requiredSetupVersion=5 authenticated=true
06:27 +398 ~4: C:/GUARANTEED OUTCOME/MOOLSOCIAL-PRODUCTION/apps/mobile/test/ui_v2_social_customer_copy_gate_test.dart: plans and Social promotion use customer-ready copy
06:28 +399 ~4: C:/GUARANTEED OUTCOME/MOOLSOCIAL-PRODUCTION/apps/mobile/test/ui_v2_social_fitment_matrix_test.dart: all Social first-layer screens fit 375x667 at 100%
06:28 +400 ~4: C:/GUARANTEED OUTCOME/MOOLSOCIAL-PRODUCTION/apps/mobile/test/ui_v2_social_continuous_batch_test.dart: Creator, plans and promotion owners plan activation requires explicit launch-access consent
06:28 +401 ~4: C:/GUARANTEED OUTCOME/MOOLSOCIAL-PRODUCTION/apps/mobile/test/ui_v2_social_named_state_parity_test.dart: Screen 08 native Create collapses legacy routes into one surface
06:29 +402 ~4: C:/GUARANTEED OUTCOME/MOOLSOCIAL-PRODUCTION/apps/mobile/test/ui_v2_social_named_state_parity_test.dart: Screen 08 native Create collapses legacy routes into one surface
06:29 +402 ~4: C:/GUARANTEED OUTCOME/MOOLSOCIAL-PRODUCTION/apps/mobile/test/ui_v2_social_continuous_batch_test.dart: Creator, plans and promotion owners promotion keeps campaign budget separate and reaches Pay handoff
MOOLSOCIAL_STARTUP stage=ready snapshot=true setupComplete=true completedSetupVersion=5 requiredSetupVersion=5 authenticated=true
06:29 +403 ~4: C:/GUARANTEED OUTCOME/MOOLSOCIAL-PRODUCTION/apps/mobile/test/ui_v2_social_named_state_parity_test.dart: Screen 08 native Create collapses legacy routes into one surface
06:30 +404 ~4: C:/GUARANTEED OUTCOME/MOOLSOCIAL-PRODUCTION/apps/mobile/test/ui_v2_social_named_state_parity_test.dart: Screen 08 native Create collapses legacy routes into one surface
06:31 +405 ~4: C:/GUARANTEED OUTCOME/MOOLSOCIAL-PRODUCTION/apps/mobile/test/ui_v2_social_named_state_parity_test.dart: Screen 08 native Create collapses legacy routes into one surface
06:32 +406 ~4: C:/GUARANTEED OUTCOME/MOOLSOCIAL-PRODUCTION/apps/mobile/test/ui_v2_social_named_state_parity_test.dart: Screen 08 native Create collapses legacy routes into one surface
06:33 +407 ~4: C:/GUARANTEED OUTCOME/MOOLSOCIAL-PRODUCTION/apps/mobile/test/ui_v2_social_named_state_parity_test.dart: Screen 08 native Create collapses legacy routes into one surface
06:34 +407 ~4: C:/GUARANTEED OUTCOME/MOOLSOCIAL-PRODUCTION/apps/mobile/test/universal_intent_completion_test.dart: buy completes every sub-action and option branch
MOOLSOCIAL_STARTUP stage=ready snapshot=true setupComplete=true completedSetupVersion=5 requiredSetupVersion=5 authenticated=true
06:34 +408 ~4: C:/GUARANTEED OUTCOME/MOOLSOCIAL-PRODUCTION/apps/mobile/test/ui_v2_social_named_state_parity_test.dart: Screen 08 native Create collapses legacy routes into one surface
06:34 +408 ~4: C:/GUARANTEED OUTCOME/MOOLSOCIAL-PRODUCTION/apps/mobile/test/universal_intent_completion_test.dart: eat completes every sub-action and option branch
MOOLSOCIAL_STARTUP stage=ready snapshot=true setupComplete=true completedSetupVersion=5 requiredSetupVersion=5 authenticated=true
06:34 +409 ~4: C:/GUARANTEED OUTCOME/MOOLSOCIAL-PRODUCTION/apps/mobile/test/ui_v2_social_named_state_parity_test.dart: Screen 08 native Create collapses legacy routes into one surface
06:34 +410 ~4: C:/GUARANTEED OUTCOME/MOOLSOCIAL-PRODUCTION/apps/mobile/test/ui_v2_social_named_state_parity_test.dart: Screen 08 native Create collapses legacy routes into one surface
06:34 +410 ~4: C:/GUARANTEED OUTCOME/MOOLSOCIAL-PRODUCTION/apps/mobile/test/universal_intent_completion_test.dart: ride completes every sub-action and option branch
MOOLSOCIAL_STARTUP stage=ready snapshot=true setupComplete=true completedSetupVersion=5 requiredSetupVersion=5 authenticated=true
06:34 +411 ~4: C:/GUARANTEED OUTCOME/MOOLSOCIAL-PRODUCTION/apps/mobile/test/ui_v2_social_named_state_parity_test.dart: Screen 08 native Create collapses legacy routes into one surface
06:35 +412 ~4: C:/GUARANTEED OUTCOME/MOOLSOCIAL-PRODUCTION/apps/mobile/test/universal_screen_golden_test.dart: universal screen 412x915 visual baseline
06:35 +413 ~4: C:/GUARANTEED OUTCOME/MOOLSOCIAL-PRODUCTION/apps/mobile/test/universal_screen_golden_test.dart: universal screen 412x915 visual baseline
06:35 +413 ~4: C:/GUARANTEED OUTCOME/MOOLSOCIAL-PRODUCTION/apps/mobile/test/universal_intent_completion_test.dart: book completes every sub-action and option branch
MOOLSOCIAL_STARTUP stage=ready snapshot=true setupComplete=true completedSetupVersion=5 requiredSetupVersion=5 authenticated=true
06:35 +414 ~4: C:/GUARANTEED OUTCOME/MOOLSOCIAL-PRODUCTION/apps/mobile/test/universal_screen_golden_test.dart: universal screen 412x915 visual baseline
06:36 +414 ~4: C:/GUARANTEED OUTCOME/MOOLSOCIAL-PRODUCTION/apps/mobile/test/universal_intent_completion_test.dart: pay completes every sub-action and option branch
MOOLSOCIAL_STARTUP stage=ready snapshot=true setupComplete=true completedSetupVersion=5 requiredSetupVersion=5 authenticated=true
06:36 +415 ~4: C:/GUARANTEED OUTCOME/MOOLSOCIAL-PRODUCTION/apps/mobile/test/universal_screen_golden_test.dart: universal screen 412x915 visual baseline
MOOLSOCIAL_STARTUP stage=ready snapshot=true setupComplete=true completedSetupVersion=5 requiredSetupVersion=5 authenticated=true
06:36 +416 ~4: C:/GUARANTEED OUTCOME/MOOLSOCIAL-PRODUCTION/apps/mobile/test/ui_v2_social_named_state_parity_test.dart: Screens 05 and 07 own filters, recovery and nested actions
06:37 +416 ~4: C:/GUARANTEED OUTCOME/MOOLSOCIAL-PRODUCTION/apps/mobile/test/universal_screen_golden_test.dart: universal screen 360x800 visual baseline
MOOLSOCIAL_STARTUP stage=ready snapshot=true setupComplete=true completedSetupVersion=5 requiredSetupVersion=5 authenticated=true
06:37 +416 ~4: C:/GUARANTEED OUTCOME/MOOLSOCIAL-PRODUCTION/apps/mobile/test/universal_intent_completion_test.dart: work completes every sub-action and option branch
MOOLSOCIAL_STARTUP stage=ready snapshot=true setupComplete=true completedSetupVersion=5 requiredSetupVersion=5 authenticated=true
06:37 +417 ~4: C:/GUARANTEED OUTCOME/MOOLSOCIAL-PRODUCTION/apps/mobile/test/ui_v2_social_named_state_parity_test.dart: Screens 05 and 07 own filters, recovery and nested actions
06:37 +418 ~4: C:/GUARANTEED OUTCOME/MOOLSOCIAL-PRODUCTION/apps/mobile/test/ui_v2_social_named_state_parity_test.dart: Screens 05 and 07 own filters, recovery and nested actions
06:37 +419 ~4: C:/GUARANTEED OUTCOME/MOOLSOCIAL-PRODUCTION/apps/mobile/test/ui_v2_social_named_state_parity_test.dart: Screens 05 and 07 own filters, recovery and nested actions
06:38 +419 ~4: C:/GUARANTEED OUTCOME/MOOLSOCIAL-PRODUCTION/apps/mobile/test/universal_screen_golden_test.dart: Mool command palette 412x915 visual baseline
MOOLSOCIAL_STARTUP stage=ready snapshot=true setupComplete=true completedSetupVersion=5 requiredSetupVersion=5 authenticated=true
06:38 +420 ~4: C:/GUARANTEED OUTCOME/MOOLSOCIAL-PRODUCTION/apps/mobile/test/ui_v2_social_named_state_parity_test.dart: Screens 05 and 07 own filters, recovery and nested actions
06:38 +421 ~4: C:/GUARANTEED OUTCOME/MOOLSOCIAL-PRODUCTION/apps/mobile/test/universal_intent_completion_test.dart: Buy production entries open catalogue and basket routes
06:38 +421 ~4: C:/GUARANTEED OUTCOME/MOOLSOCIAL-PRODUCTION/apps/mobile/test/universal_screen_golden_test.dart: Buy intent 412x915 visual baseline
MOOLSOCIAL_STARTUP stage=ready snapshot=true setupComplete=true completedSetupVersion=5 requiredSetupVersion=5 authenticated=true
06:38 +422 ~4: C:/GUARANTEED OUTCOME/MOOLSOCIAL-PRODUCTION/apps/mobile/test/universal_intent_completion_test.dart: Buy production entries open catalogue and basket routes
MOOLSOCIAL_STARTUP stage=ready snapshot=true setupComplete=true completedSetupVersion=5 requiredSetupVersion=5 authenticated=true
06:39 +423 ~4: C:/GUARANTEED OUTCOME/MOOLSOCIAL-PRODUCTION/apps/mobile/test/ui_v2_social_fitment_matrix_test.dart: all Social named states fit compact 320x568 at 140%
06:40 +424 ~4: C:/GUARANTEED OUTCOME/MOOLSOCIAL-PRODUCTION/apps/mobile/test/ui_v2_social_fitment_matrix_test.dart: all Social named states fit compact 320x568 at 140%
06:42 +424 ~4: C:/GUARANTEED OUTCOME/MOOLSOCIAL-PRODUCTION/apps/mobile/test/universal_intent_completion_test.dart: Eat production entries open order, table and tiffin routes
MOOLSOCIAL_STARTUP stage=ready snapshot=true setupComplete=true completedSetupVersion=5 requiredSetupVersion=5 authenticated=true
06:42 +425 ~4: C:/GUARANTEED OUTCOME/MOOLSOCIAL-PRODUCTION/apps/mobile/test/ui_v2_social_fitment_matrix_test.dart: all Social named states fit compact 320x568 at 140%
06:43 +426 ~4: C:/GUARANTEED OUTCOME/MOOLSOCIAL-PRODUCTION/apps/mobile/test/ui_v2_social_fitment_matrix_test.dart: all Social named states fit compact 320x568 at 140%
06:43 +427 ~4: C:/GUARANTEED OUTCOME/MOOLSOCIAL-PRODUCTION/apps/mobile/test/universal_intent_completion_test.dart: Ride production entries open bike, auto and cab booking
06:44 +428 ~4: C:/GUARANTEED OUTCOME/MOOLSOCIAL-PRODUCTION/apps/mobile/test/universal_intent_completion_test.dart: Ride production entries open bike, auto and cab booking
06:44 +429 ~4: C:/GUARANTEED OUTCOME/MOOLSOCIAL-PRODUCTION/apps/mobile/test/universal_intent_completion_test.dart: Ride production entries open bike, auto and cab booking
06:44 +430 ~4: C:/GUARANTEED OUTCOME/MOOLSOCIAL-PRODUCTION/apps/mobile/test/universal_intent_completion_test.dart: Ride production entries open bike, auto and cab booking
MOOLSOCIAL_STARTUP stage=ready snapshot=true setupComplete=true completedSetupVersion=5 requiredSetupVersion=5 authenticated=true
06:45 +431 ~4: C:/GUARANTEED OUTCOME/MOOLSOCIAL-PRODUCTION/apps/mobile/test/ui_v2_social_named_state_parity_test.dart: Screens 167 to 169 own plan detail, activation, invoice and end
06:45 +432 ~4: C:/GUARANTEED OUTCOME/MOOLSOCIAL-PRODUCTION/apps/mobile/test/work_vertical_slice_test.dart: new user completes saved opportunity through verified live retailer setup
06:46 +432 ~4: C:/GUARANTEED OUTCOME/MOOLSOCIAL-PRODUCTION/apps/mobile/test/universal_intent_completion_test.dart: Book production entries open task, doctor and salon routes
MOOLSOCIAL_STARTUP stage=ready snapshot=true setupComplete=true completedSetupVersion=5 requiredSetupVersion=5 authenticated=true
06:46 +433 ~4: C:/GUARANTEED OUTCOME/MOOLSOCIAL-PRODUCTION/apps/mobile/test/work_vertical_slice_test.dart: new user completes saved opportunity through verified live retailer setup
06:46 +434 ~4: C:/GUARANTEED OUTCOME/MOOLSOCIAL-PRODUCTION/apps/mobile/test/work_vertical_slice_test.dart: new user completes saved opportunity through verified live retailer setup
06:47 +435 ~4: C:/GUARANTEED OUTCOME/MOOLSOCIAL-PRODUCTION/apps/mobile/test/work_vertical_slice_test.dart: new user completes saved opportunity through verified live retailer setup
06:48 +436 ~4: C:/GUARANTEED OUTCOME/MOOLSOCIAL-PRODUCTION/apps/mobile/test/work_vertical_slice_test.dart: new user completes saved opportunity through verified live retailer setup
06:48 +437 ~4: C:/GUARANTEED OUTCOME/MOOLSOCIAL-PRODUCTION/apps/mobile/test/work_vertical_slice_test.dart: new user completes saved opportunity through verified live retailer setup
06:48 +437 ~4: C:/GUARANTEED OUTCOME/MOOLSOCIAL-PRODUCTION/apps/mobile/test/universal_intent_completion_test.dart: Pay production entries open recharge, bills, scan and receipts routes
MOOLSOCIAL_STARTUP stage=ready snapshot=true setupComplete=true completedSetupVersion=5 requiredSetupVersion=5 authenticated=true
06:48 +438 ~4: C:/GUARANTEED OUTCOME/MOOLSOCIAL-PRODUCTION/apps/mobile/test/work_vertical_slice_test.dart: new user completes saved opportunity through verified live retailer setup
06:49 +438 ~4: C:/GUARANTEED OUTCOME/MOOLSOCIAL-PRODUCTION/apps/mobile/test/universal_intent_completion_test.dart: Work production entries open Earn and My Work routes
MOOLSOCIAL_STARTUP stage=ready snapshot=true setupComplete=true completedSetupVersion=5 requiredSetupVersion=5 authenticated=true
06:49 +439 ~4: C:/GUARANTEED OUTCOME/MOOLSOCIAL-PRODUCTION/apps/mobile/test/work_vertical_slice_test.dart: new user completes saved opportunity through verified live retailer setup
06:51 +439 ~4: C:/GUARANTEED OUTCOME/MOOLSOCIAL-PRODUCTION/apps/mobile/test/universal_intent_completion_test.dart: Chat entries open the production inbox with the intended filter
MOOLSOCIAL_STARTUP stage=ready snapshot=true setupComplete=true completedSetupVersion=5 requiredSetupVersion=5 authenticated=true
06:51 +440 ~4: C:/GUARANTEED OUTCOME/MOOLSOCIAL-PRODUCTION/apps/mobile/test/work_vertical_slice_test.dart: new user completes saved opportunity through verified live retailer setup
06:51 +441 ~4: C:/GUARANTEED OUTCOME/MOOLSOCIAL-PRODUCTION/apps/mobile/test/work_vertical_slice_test.dart: new user completes saved opportunity through verified live retailer setup
06:51 +442 ~4: C:/GUARANTEED OUTCOME/MOOLSOCIAL-PRODUCTION/apps/mobile/test/work_vertical_slice_test.dart: new user completes saved opportunity through verified live retailer setup
06:51 +443 ~4: C:/GUARANTEED OUTCOME/MOOLSOCIAL-PRODUCTION/apps/mobile/test/work_vertical_slice_test.dart: new user completes saved opportunity through verified live retailer setup
06:53 +443 ~4: C:/GUARANTEED OUTCOME/MOOLSOCIAL-PRODUCTION/apps/mobile/test/universal_intent_completion_test.dart: Mool palette reaches every main action and returns safely
MOOLSOCIAL_STARTUP stage=ready snapshot=true setupComplete=true completedSetupVersion=5 requiredSetupVersion=5 authenticated=true
06:53 +444 ~4: C:/GUARANTEED OUTCOME/MOOLSOCIAL-PRODUCTION/apps/mobile/test/work_vertical_slice_test.dart: new user completes saved opportunity through verified live retailer setup
06:54 +445 ~4: C:/GUARANTEED OUTCOME/MOOLSOCIAL-PRODUCTION/apps/mobile/test/work_vertical_slice_test.dart: new user completes saved opportunity through verified live retailer setup
06:54 +446 ~4: C:/GUARANTEED OUTCOME/MOOLSOCIAL-PRODUCTION/apps/mobile/test/work_vertical_slice_test.dart: new user completes saved opportunity through verified live retailer setup
06:54 +447 ~4: C:/GUARANTEED OUTCOME/MOOLSOCIAL-PRODUCTION/apps/mobile/test/work_vertical_slice_test.dart: new user completes saved opportunity through verified live retailer setup
06:54 +448 ~4: C:/GUARANTEED OUTCOME/MOOLSOCIAL-PRODUCTION/apps/mobile/test/work_vertical_slice_test.dart: new user completes saved opportunity through verified live retailer setup
MOOLSOCIAL_STARTUP stage=ready snapshot=true setupComplete=true completedSetupVersion=5 requiredSetupVersion=5 authenticated=true
06:54 +449 ~4: C:/GUARANTEED OUTCOME/MOOLSOCIAL-PRODUCTION/apps/mobile/test/universal_intent_completion_test.dart: Social completes every tab, card action and action-rail tap
06:54 +449 ~4: C:/GUARANTEED OUTCOME/MOOLSOCIAL-PRODUCTION/apps/mobile/test/work_vertical_slice_test.dart: verified workspace application failure replays once without duplication
MOOLSOCIAL_STARTUP stage=ready snapshot=true setupComplete=true completedSetupVersion=5 requiredSetupVersion=5 authenticated=true
06:54 +450 ~4: C:/GUARANTEED OUTCOME/MOOLSOCIAL-PRODUCTION/apps/mobile/test/universal_intent_completion_test.dart: Social completes every tab, card action and action-rail tap
06:54 +451 ~4: C:/GUARANTEED OUTCOME/MOOLSOCIAL-PRODUCTION/apps/mobile/test/universal_intent_completion_test.dart: Social completes every tab, card action and action-rail tap
06:54 +452 ~4: C:/GUARANTEED OUTCOME/MOOLSOCIAL-PRODUCTION/apps/mobile/test/universal_intent_completion_test.dart: Social completes every tab, card action and action-rail tap
06:55 +453 ~4: C:/GUARANTEED OUTCOME/MOOLSOCIAL-PRODUCTION/apps/mobile/test/universal_intent_completion_test.dart: Social completes every tab, card action and action-rail tap
06:55 +454 ~4: C:/GUARANTEED OUTCOME/MOOLSOCIAL-PRODUCTION/apps/mobile/test/universal_intent_completion_test.dart: Social completes every tab, card action and action-rail tap
06:55 +455 ~4: C:/GUARANTEED OUTCOME/MOOLSOCIAL-PRODUCTION/apps/mobile/test/universal_intent_completion_test.dart: Social completes every tab, card action and action-rail tap
06:55 +455 ~4: C:/GUARANTEED OUTCOME/MOOLSOCIAL-PRODUCTION/apps/mobile/test/work_vertical_slice_test.dart: feed filters, search empty and failed refresh recover safely
MOOLSOCIAL_STARTUP stage=ready snapshot=true setupComplete=true completedSetupVersion=5 requiredSetupVersion=5 authenticated=true
06:55 +456 ~4: C:/GUARANTEED OUTCOME/MOOLSOCIAL-PRODUCTION/apps/mobile/test/universal_intent_completion_test.dart: Social completes every tab, card action and action-rail tap
06:57 +456 ~4: C:/GUARANTEED OUTCOME/MOOLSOCIAL-PRODUCTION/apps/mobile/test/work_vertical_slice_test.dart: alternate work number handles invalid, gateway failure and exact OTP
MOOLSOCIAL_STARTUP stage=ready snapshot=true setupComplete=true completedSetupVersion=5 requiredSetupVersion=5 authenticated=true
06:57 +457 ~4: C:/GUARANTEED OUTCOME/MOOLSOCIAL-PRODUCTION/apps/mobile/test/universal_intent_completion_test.dart: Social completes every tab, card action and action-rail tap
06:57 +458 ~4: C:/GUARANTEED OUTCOME/MOOLSOCIAL-PRODUCTION/apps/mobile/test/universal_intent_completion_test.dart: Social completes every tab, card action and action-rail tap
06:57 +459 ~4: C:/GUARANTEED OUTCOME/MOOLSOCIAL-PRODUCTION/apps/mobile/test/universal_intent_completion_test.dart: Social completes every tab, card action and action-rail tap
06:57 +460 ~4: C:/GUARANTEED OUTCOME/MOOLSOCIAL-PRODUCTION/apps/mobile/test/universal_intent_completion_test.dart: Social completes every tab, card action and action-rail tap
06:57 +461 ~4: C:/GUARANTEED OUTCOME/MOOLSOCIAL-PRODUCTION/apps/mobile/test/universal_intent_completion_test.dart: Social completes every tab, card action and action-rail tap
06:57 +462 ~4: C:/GUARANTEED OUTCOME/MOOLSOCIAL-PRODUCTION/apps/mobile/test/universal_intent_completion_test.dart: Social completes every tab, card action and action-rail tap
06:57 +463 ~4: C:/GUARANTEED OUTCOME/MOOLSOCIAL-PRODUCTION/apps/mobile/test/universal_intent_completion_test.dart: Social completes every tab, card action and action-rail tap
06:57 +464 ~4: C:/GUARANTEED OUTCOME/MOOLSOCIAL-PRODUCTION/apps/mobile/test/universal_intent_completion_test.dart: Social completes every tab, card action and action-rail tap
06:57 +465 ~4: C:/GUARANTEED OUTCOME/MOOLSOCIAL-PRODUCTION/apps/mobile/test/universal_intent_completion_test.dart: Social completes every tab, card action and action-rail tap
06:58 +466 ~4: C:/GUARANTEED OUTCOME/MOOLSOCIAL-PRODUCTION/apps/mobile/test/universal_intent_completion_test.dart: Social completes every tab, card action and action-rail tap
06:58 +467 ~4: C:/GUARANTEED OUTCOME/MOOLSOCIAL-PRODUCTION/apps/mobile/test/universal_intent_completion_test.dart: Social completes every tab, card action and action-rail tap
06:58 +468 ~4: C:/GUARANTEED OUTCOME/MOOLSOCIAL-PRODUCTION/apps/mobile/test/universal_intent_completion_test.dart: Social completes every tab, card action and action-rail tap
06:58 +469 ~4: C:/GUARANTEED OUTCOME/MOOLSOCIAL-PRODUCTION/apps/mobile/test/universal_intent_completion_test.dart: Social completes every tab, card action and action-rail tap
06:58 +470 ~4: C:/GUARANTEED OUTCOME/MOOLSOCIAL-PRODUCTION/apps/mobile/test/universal_intent_completion_test.dart: Social completes every tab, card action and action-rail tap
06:58 +471 ~4: C:/GUARANTEED OUTCOME/MOOLSOCIAL-PRODUCTION/apps/mobile/test/universal_intent_completion_test.dart: Social completes every tab, card action and action-rail tap
06:58 +472 ~4: C:/GUARANTEED OUTCOME/MOOLSOCIAL-PRODUCTION/apps/mobile/test/universal_intent_completion_test.dart: Social completes every tab, card action and action-rail tap
06:58 +473 ~4: C:/GUARANTEED OUTCOME/MOOLSOCIAL-PRODUCTION/apps/mobile/test/universal_intent_completion_test.dart: Social completes every tab, card action and action-rail tap
06:58 +474 ~4: C:/GUARANTEED OUTCOME/MOOLSOCIAL-PRODUCTION/apps/mobile/test/universal_intent_completion_test.dart: Social completes every tab, card action and action-rail tap
06:58 +475 ~4: C:/GUARANTEED OUTCOME/MOOLSOCIAL-PRODUCTION/apps/mobile/test/universal_intent_completion_test.dart: Social completes every tab, card action and action-rail tap
06:58 +476 ~4: C:/GUARANTEED OUTCOME/MOOLSOCIAL-PRODUCTION/apps/mobile/test/universal_intent_completion_test.dart: Social completes every tab, card action and action-rail tap
06:58 +477 ~4: C:/GUARANTEED OUTCOME/MOOLSOCIAL-PRODUCTION/apps/mobile/test/universal_intent_completion_test.dart: Social completes every tab, card action and action-rail tap
06:58 +478 ~4: C:/GUARANTEED OUTCOME/MOOLSOCIAL-PRODUCTION/apps/mobile/test/universal_intent_completion_test.dart: Social completes every tab, card action and action-rail tap
06:58 +479 ~4: C:/GUARANTEED OUTCOME/MOOLSOCIAL-PRODUCTION/apps/mobile/test/universal_intent_completion_test.dart: Social completes every tab, card action and action-rail tap
06:58 +480 ~4: C:/GUARANTEED OUTCOME/MOOLSOCIAL-PRODUCTION/apps/mobile/test/universal_intent_completion_test.dart: Social completes every tab, card action and action-rail tap
06:58 +481 ~4: C:/GUARANTEED OUTCOME/MOOLSOCIAL-PRODUCTION/apps/mobile/test/universal_intent_completion_test.dart: Social completes every tab, card action and action-rail tap
06:58 +482 ~4: C:/GUARANTEED OUTCOME/MOOLSOCIAL-PRODUCTION/apps/mobile/test/universal_intent_completion_test.dart: Social completes every tab, card action and action-rail tap
06:58 +483 ~4: C:/GUARANTEED OUTCOME/MOOLSOCIAL-PRODUCTION/apps/mobile/test/universal_intent_completion_test.dart: Social completes every tab, card action and action-rail tap
06:58 +484 ~4: C:/GUARANTEED OUTCOME/MOOLSOCIAL-PRODUCTION/apps/mobile/test/universal_intent_completion_test.dart: Social completes every tab, card action and action-rail tap
06:58 +485 ~4: C:/GUARANTEED OUTCOME/MOOLSOCIAL-PRODUCTION/apps/mobile/test/universal_intent_completion_test.dart: Social completes every tab, card action and action-rail tap
06:58 +486 ~4: C:/GUARANTEED OUTCOME/MOOLSOCIAL-PRODUCTION/apps/mobile/test/universal_intent_completion_test.dart: Social completes every tab, card action and action-rail tap
06:58 +487 ~4: C:/GUARANTEED OUTCOME/MOOLSOCIAL-PRODUCTION/apps/mobile/test/universal_intent_completion_test.dart: Social completes every tab, card action and action-rail tap
06:58 +487 ~4: C:/GUARANTEED OUTCOME/MOOLSOCIAL-PRODUCTION/apps/mobile/test/work_vertical_slice_test.dart: unsupported profile request validates and creates no workspace
MOOLSOCIAL_STARTUP stage=ready snapshot=true setupComplete=true completedSetupVersion=5 requiredSetupVersion=5 authenticated=true
06:58 +488 ~4: C:/GUARANTEED OUTCOME/MOOLSOCIAL-PRODUCTION/apps/mobile/test/universal_intent_completion_test.dart: Social completes every tab, card action and action-rail tap
06:59 +488 ~4: C:/GUARANTEED OUTCOME/MOOLSOCIAL-PRODUCTION/apps/mobile/test/work_vertical_slice_test.dart: selected work profile is informative and does not advertise a no-op tap
MOOLSOCIAL_STARTUP stage=ready snapshot=true setupComplete=true completedSetupVersion=5 requiredSetupVersion=5 authenticated=true
06:59 +489 ~4: C:/GUARANTEED OUTCOME/MOOLSOCIAL-PRODUCTION/apps/mobile/test/universal_intent_completion_test.dart: Social completes every tab, card action and action-rail tap
07:01 +489 ~4: C:/GUARANTEED OUTCOME/MOOLSOCIAL-PRODUCTION/apps/mobile/test/work_vertical_slice_test.dart: proof and submission failures preserve fields then submit exactly once
MOOLSOCIAL_STARTUP stage=ready snapshot=true setupComplete=true completedSetupVersion=5 requiredSetupVersion=5 authenticated=true
07:01 +489 ~4: C:/GUARANTEED OUTCOME/MOOLSOCIAL-PRODUCTION/apps/mobile/test/universal_intent_completion_test.dart: Social completes every tab, card action and action-rail tap
MOOLSOCIAL_STARTUP stage=ready snapshot=true setupComplete=true completedSetupVersion=5 requiredSetupVersion=5 authenticated=true
07:01 +490 ~4: C:/GUARANTEED OUTCOME/MOOLSOCIAL-PRODUCTION/apps/mobile/test/universal_intent_completion_test.dart: Social completes every tab, card action and action-rail tap
07:01 +491 ~4: C:/GUARANTEED OUTCOME/MOOLSOCIAL-PRODUCTION/apps/mobile/test/work_vertical_slice_test.dart: GST and review failures keep one case then reach approved workspace
07:01 +491 ~4: C:/GUARANTEED OUTCOME/MOOLSOCIAL-PRODUCTION/apps/mobile/test/universal_intent_completion_test.dart: Social empty, unselected and cancelled actions stay safe
MOOLSOCIAL_STARTUP stage=ready snapshot=true setupComplete=true completedSetupVersion=5 requiredSetupVersion=5 authenticated=true
07:01 +492 ~4: C:/GUARANTEED OUTCOME/MOOLSOCIAL-PRODUCTION/apps/mobile/test/work_vertical_slice_test.dart: GST and review failures keep one case then reach approved workspace
MOOLSOCIAL_STARTUP stage=ready snapshot=true setupComplete=true completedSetupVersion=5 requiredSetupVersion=5 authenticated=true
07:02 +493 ~4: C:/GUARANTEED OUTCOME/MOOLSOCIAL-PRODUCTION/apps/mobile/test/universal_intent_completion_test.dart: search, code, voice, profile and chat return cover recovery
07:02 +494 ~4: C:/GUARANTEED OUTCOME/MOOLSOCIAL-PRODUCTION/apps/mobile/test/universal_intent_completion_test.dart: search, code, voice, profile and chat return cover recovery
07:02 +495 ~4: C:/GUARANTEED OUTCOME/MOOLSOCIAL-PRODUCTION/apps/mobile/test/universal_intent_completion_test.dart: search, code, voice, profile and chat return cover recovery
07:02 +496 ~4: C:/GUARANTEED OUTCOME/MOOLSOCIAL-PRODUCTION/apps/mobile/test/universal_intent_completion_test.dart: search, code, voice, profile and chat return cover recovery
07:02 +497 ~4: C:/GUARANTEED OUTCOME/MOOLSOCIAL-PRODUCTION/apps/mobile/test/universal_intent_completion_test.dart: search, code, voice, profile and chat return cover recovery
07:02 +498 ~4: C:/GUARANTEED OUTCOME/MOOLSOCIAL-PRODUCTION/apps/mobile/test/universal_intent_completion_test.dart: search, code, voice, profile and chat return cover recovery
07:02 +499 ~4: C:/GUARANTEED OUTCOME/MOOLSOCIAL-PRODUCTION/apps/mobile/test/universal_intent_completion_test.dart: search, code, voice, profile and chat return cover recovery
07:02 +500 ~4: C:/GUARANTEED OUTCOME/MOOLSOCIAL-PRODUCTION/apps/mobile/test/universal_intent_completion_test.dart: search, code, voice, profile and chat return cover recovery
07:03 +501 ~4: C:/GUARANTEED OUTCOME/MOOLSOCIAL-PRODUCTION/apps/mobile/test/universal_intent_completion_test.dart: search, code, voice, profile and chat return cover recovery
07:03 +502 ~4: C:/GUARANTEED OUTCOME/MOOLSOCIAL-PRODUCTION/apps/mobile/test/universal_intent_completion_test.dart: search, code, voice, profile and chat return cover recovery
07:03 +503 ~4: C:/GUARANTEED OUTCOME/MOOLSOCIAL-PRODUCTION/apps/mobile/test/universal_intent_completion_test.dart: search, code, voice, profile and chat return cover recovery
07:03 +504 ~4: C:/GUARANTEED OUTCOME/MOOLSOCIAL-PRODUCTION/apps/mobile/test/universal_intent_completion_test.dart: search, code, voice, profile and chat return cover recovery
07:03 +505 ~4: C:/GUARANTEED OUTCOME/MOOLSOCIAL-PRODUCTION/apps/mobile/test/universal_intent_completion_test.dart: search, code, voice, profile and chat return cover recovery
07:03 +506 ~4: C:/GUARANTEED OUTCOME/MOOLSOCIAL-PRODUCTION/apps/mobile/test/universal_intent_completion_test.dart: search, code, voice, profile and chat return cover recovery
07:03 +507 ~4: C:/GUARANTEED OUTCOME/MOOLSOCIAL-PRODUCTION/apps/mobile/test/universal_intent_completion_test.dart: search, code, voice, profile and chat return cover recovery
07:03 +508 ~4: C:/GUARANTEED OUTCOME/MOOLSOCIAL-PRODUCTION/apps/mobile/test/universal_intent_completion_test.dart: search, code, voice, profile and chat return cover recovery
07:03 +509 ~4: C:/GUARANTEED OUTCOME/MOOLSOCIAL-PRODUCTION/apps/mobile/test/universal_intent_completion_test.dart: search, code, voice, profile and chat return cover recovery
07:03 +510 ~4: C:/GUARANTEED OUTCOME/MOOLSOCIAL-PRODUCTION/apps/mobile/test/universal_intent_completion_test.dart: search, code, voice, profile and chat return cover recovery
07:03 +511 ~4: C:/GUARANTEED OUTCOME/MOOLSOCIAL-PRODUCTION/apps/mobile/test/universal_intent_completion_test.dart: search, code, voice, profile and chat return cover recovery
07:03 +512 ~4: C:/GUARANTEED OUTCOME/MOOLSOCIAL-PRODUCTION/apps/mobile/test/universal_intent_completion_test.dart: search, code, voice, profile and chat return cover recovery
07:03 +513 ~4: C:/GUARANTEED OUTCOME/MOOLSOCIAL-PRODUCTION/apps/mobile/test/universal_intent_completion_test.dart: search, code, voice, profile and chat return cover recovery
07:03 +514 ~4: C:/GUARANTEED OUTCOME/MOOLSOCIAL-PRODUCTION/apps/mobile/test/universal_intent_completion_test.dart: search, code, voice, profile and chat return cover recovery
07:03 +515 ~4: C:/GUARANTEED OUTCOME/MOOLSOCIAL-PRODUCTION/apps/mobile/test/universal_intent_completion_test.dart: search, code, voice, profile and chat return cover recovery
07:03 +516 ~4: C:/GUARANTEED OUTCOME/MOOLSOCIAL-PRODUCTION/apps/mobile/test/universal_intent_completion_test.dart: search, code, voice, profile and chat return cover recovery
07:03 +517 ~4: C:/GUARANTEED OUTCOME/MOOLSOCIAL-PRODUCTION/apps/mobile/test/universal_intent_completion_test.dart: search, code, voice, profile and chat return cover recovery
07:03 +518 ~4: C:/GUARANTEED OUTCOME/MOOLSOCIAL-PRODUCTION/apps/mobile/test/universal_intent_completion_test.dart: search, code, voice, profile and chat return cover recovery
07:03 +519 ~4: C:/GUARANTEED OUTCOME/MOOLSOCIAL-PRODUCTION/apps/mobile/test/universal_intent_completion_test.dart: search, code, voice, profile and chat return cover recovery
07:03 +520 ~4: C:/GUARANTEED OUTCOME/MOOLSOCIAL-PRODUCTION/apps/mobile/test/universal_intent_completion_test.dart: search, code, voice, profile and chat return cover recovery
07:03 +521 ~4: C:/GUARANTEED OUTCOME/MOOLSOCIAL-PRODUCTION/apps/mobile/test/universal_intent_completion_test.dart: search, code, voice, profile and chat return cover recovery
07:03 +522 ~4: C:/GUARANTEED OUTCOME/MOOLSOCIAL-PRODUCTION/apps/mobile/test/universal_intent_completion_test.dart: search, code, voice, profile and chat return cover recovery
07:03 +522 ~4: C:/GUARANTEED OUTCOME/MOOLSOCIAL-PRODUCTION/apps/mobile/test/work_vertical_slice_test.dart: retailer setup rejects incomplete inputs and exact failure retry goes live
MOOLSOCIAL_STARTUP stage=ready snapshot=true setupComplete=true completedSetupVersion=5 requiredSetupVersion=5 authenticated=true
07:03 +523 ~4: C:/GUARANTEED OUTCOME/MOOLSOCIAL-PRODUCTION/apps/mobile/test/universal_intent_completion_test.dart: search, code, voice, profile and chat return cover recovery
07:04 +524 ~4: C:/GUARANTEED OUTCOME/MOOLSOCIAL-PRODUCTION/apps/mobile/test/universal_intent_completion_test.dart: search, code, voice, profile and chat return cover recovery
07:04 +525 ~4: C:/GUARANTEED OUTCOME/MOOLSOCIAL-PRODUCTION/apps/mobile/test/universal_intent_completion_test.dart: search, code, voice, profile and chat return cover recovery
07:04 +526 ~4: C:/GUARANTEED OUTCOME/MOOLSOCIAL-PRODUCTION/apps/mobile/test/universal_intent_completion_test.dart: search, code, voice, profile and chat return cover recovery
07:04 +527 ~4: C:/GUARANTEED OUTCOME/MOOLSOCIAL-PRODUCTION/apps/mobile/test/universal_intent_completion_test.dart: search, code, voice, profile and chat return cover recovery
07:04 +528 ~4: C:/GUARANTEED OUTCOME/MOOLSOCIAL-PRODUCTION/apps/mobile/test/universal_intent_completion_test.dart: search, code, voice, profile and chat return cover recovery
07:04 +529 ~4: C:/GUARANTEED OUTCOME/MOOLSOCIAL-PRODUCTION/apps/mobile/test/universal_intent_completion_test.dart: search, code, voice, profile and chat return cover recovery
07:04 +530 ~4: C:/GUARANTEED OUTCOME/MOOLSOCIAL-PRODUCTION/apps/mobile/test/universal_intent_completion_test.dart: search, code, voice, profile and chat return cover recovery
07:04 +531 ~4: C:/GUARANTEED OUTCOME/MOOLSOCIAL-PRODUCTION/apps/mobile/test/universal_intent_completion_test.dart: search, code, voice, profile and chat return cover recovery
MOOLSOCIAL_STARTUP stage=ready snapshot=true setupComplete=true completedSetupVersion=5 requiredSetupVersion=5 authenticated=true
07:04 +532 ~4: C:/GUARANTEED OUTCOME/MOOLSOCIAL-PRODUCTION/apps/mobile/test/work_vertical_slice_test.dart: single and multiple workspaces remain inside My Work
MOOLSOCIAL_STARTUP stage=ready snapshot=true setupComplete=true completedSetupVersion=5 requiredSetupVersion=5 authenticated=true
07:04 +533 ~4: C:/GUARANTEED OUTCOME/MOOLSOCIAL-PRODUCTION/apps/mobile/test/universal_intent_completion_test.dart: compact screen, larger text and reduce motion remain usable
MOOLSOCIAL_STARTUP stage=ready snapshot=true setupComplete=true completedSetupVersion=5 requiredSetupVersion=5 authenticated=true
07:05 +534 ~4: C:/GUARANTEED OUTCOME/MOOLSOCIAL-PRODUCTION/apps/mobile/test/work_vertical_slice_test.dart: status Chat returns to the exact review screen
MOOLSOCIAL_STARTUP stage=ready snapshot=true setupComplete=true completedSetupVersion=5 requiredSetupVersion=5 authenticated=true
07:05 +535 ~4: C:/GUARANTEED OUTCOME/MOOLSOCIAL-PRODUCTION/apps/mobile/test/work_vertical_slice_test.dart: Work remains usable on compact width with larger text
MOOLSOCIAL_STARTUP stage=ready snapshot=true setupComplete=true completedSetupVersion=5 requiredSetupVersion=5 authenticated=true
07:06 +536 ~4: C:/GUARANTEED OUTCOME/MOOLSOCIAL-PRODUCTION/apps/mobile/test/youtube_private_dev_live_client_test.dart: private Dev Live capability boundary compiled client is disabled by default and purposes stay separate
07:06 +537 ~4: C:/GUARANTEED OUTCOME/MOOLSOCIAL-PRODUCTION/apps/mobile/test/youtube_private_dev_live_client_test.dart: private Dev Live capability boundary a disabled client fails before Auth, App Check or transport
07:06 +538 ~4: C:/GUARANTEED OUTCOME/MOOLSOCIAL-PRODUCTION/apps/mobile/test/youtube_private_dev_live_client_test.dart: private Dev Live capability boundary Live and memberships request distinct incremental purposes
07:06 +539 ~4: C:/GUARANTEED OUTCOME/MOOLSOCIAL-PRODUCTION/apps/mobile/test/youtube_private_dev_live_client_test.dart: private Dev Live capability boundary mismatched destructive confirmation fails before credentials
07:06 +540 ~4: C:/GUARANTEED OUTCOME/MOOLSOCIAL-PRODUCTION/apps/mobile/test/youtube_private_dev_live_client_test.dart: broadcast operations are typed, private and explicitly confirmed
07:06 +541 ~4: C:/GUARANTEED OUTCOME/MOOLSOCIAL-PRODUCTION/apps/mobile/test/youtube_private_dev_live_client_test.dart: stream operations preserve typed CDN settings and protect the key
07:06 +542 ~4: C:/GUARANTEED OUTCOME/MOOLSOCIAL-PRODUCTION/apps/mobile/test/youtube_private_dev_live_client_test.dart: provider-owned live fields fail closed when trust contracts drift
07:06 +543 ~4: C:/GUARANTEED OUTCOME/MOOLSOCIAL-PRODUCTION/apps/mobile/test/youtube_private_dev_live_client_test.dart: chat uses bounded REST polling and typed contextual poll actions
07:06 +544 ~4: C:/GUARANTEED OUTCOME/MOOLSOCIAL-PRODUCTION/apps/mobile/test/youtube_private_dev_live_client_test.dart: moderator and ban operations retain exact owner confirmations
07:06 +545 ~4: C:/GUARANTEED OUTCOME/MOOLSOCIAL-PRODUCTION/apps/mobile/test/youtube_private_dev_live_client_test.dart: invalid ban duration fails before credentials or transport
07:06 +546 ~4: C:/GUARANTEED OUTCOME/MOOLSOCIAL-PRODUCTION/apps/mobile/test/youtube_private_dev_live_client_test.dart: monetization reads expose eligibility without claiming access
07:06 +547 ~4: C:/GUARANTEED OUTCOME/MOOLSOCIAL-PRODUCTION/apps/mobile/test/youtube_private_dev_live_client_test.dart: Live maps eligibility, status and capability errors precisely
07:08 +548 ~4: C:/GUARANTEED OUTCOME/MOOLSOCIAL-PRODUCTION/apps/mobile/test/youtube_private_dev_owner_creator_client_test.dart: owner actions typed client covers every owner action with replay-protected requests
07:08 +549 ~4: C:/GUARANTEED OUTCOME/MOOLSOCIAL-PRODUCTION/apps/mobile/test/youtube_private_dev_owner_creator_client_test.dart: owner actions typed client rejects none as a set-rating value before network use
07:08 +550 ~4: C:/GUARANTEED OUTCOME/MOOLSOCIAL-PRODUCTION/apps/mobile/test/youtube_private_dev_owner_creator_client_test.dart: creator assets typed client covers every creator-assets operation and typed result
07:08 +551 ~4: C:/GUARANTEED OUTCOME/MOOLSOCIAL-PRODUCTION/apps/mobile/test/youtube_private_dev_owner_creator_client_test.dart: creator assets typed client capabilities remain disabled when fields are absent or false
07:08 +552 ~4: C:/GUARANTEED OUTCOME/MOOLSOCIAL-PRODUCTION/apps/mobile/test/youtube_private_dev_owner_creator_client_test.dart: creator assets typed client typed models reject malformed provider results
07:08 +553 ~4: C:/GUARANTEED OUTCOME/MOOLSOCIAL-PRODUCTION/apps/mobile/test/youtube_private_dev_proof_harness_test.dart: YouTubePrivateDevProofConfiguration fails closed outside the dedicated real-service Dev project
07:08 +554 ~4: C:/GUARANTEED OUTCOME/MOOLSOCIAL-PRODUCTION/apps/mobile/test/youtube_private_dev_proof_harness_test.dart: YouTubePrivateDevProofConfiguration requires the exact profile confirmation phrase
07:08 +555 ~4: C:/GUARANTEED OUTCOME/MOOLSOCIAL-PRODUCTION/apps/mobile/test/youtube_private_dev_proof_harness_test.dart: YouTubePrivateDevProofConfiguration requires explicit private upload policy fields
07:08 +556 ~4: C:/GUARANTEED OUTCOME/MOOLSOCIAL-PRODUCTION/apps/mobile/test/youtube_private_dev_proof_harness_test.dart: YouTubePrivateDevProofConfiguration rejects analytics retention without a video identifier
07:08 +557 ~4: C:/GUARANTEED OUTCOME/MOOLSOCIAL-PRODUCTION/apps/mobile/test/youtube_private_dev_proof_harness_test.dart: YouTubePrivateDevProofConfiguration requires an explicit Live profile and exact confirmation
07:08 +558 ~4: C:/GUARANTEED OUTCOME/MOOLSOCIAL-PRODUCTION/apps/mobile/test/youtube_private_dev_proof_harness_test.dart: PublicData proves pagination and eligible hydrated records
07:08 +559 ~4: C:/GUARANTEED OUTCOME/MOOLSOCIAL-PRODUCTION/apps/mobile/test/youtube_private_dev_proof_harness_test.dart: OwnerConnect validates OAuth then waits for the expected channel
07:08 +560 ~4: C:/GUARANTEED OUTCOME/MOOLSOCIAL-PRODUCTION/apps/mobile/test/youtube_private_dev_proof_harness_test.dart: PrivateUpload records no media path or metadata
07:08 +561 ~4: C:/GUARANTEED OUTCOME/MOOLSOCIAL-PRODUCTION/apps/mobile/test/youtube_private_dev_proof_harness_test.dart: OwnerAnalytics excludes provider metric values from evidence
07:08 +562 ~4: C:/GUARANTEED OUTCOME/MOOLSOCIAL-PRODUCTION/apps/mobile/test/youtube_private_dev_proof_harness_test.dart: Live proves the management scope without executing a mutation
07:08 +563 ~4: C:/GUARANTEED OUTCOME/MOOLSOCIAL-PRODUCTION/apps/mobile/test/youtube_private_dev_proof_harness_test.dart: DisconnectDelete is idempotent and does not overclaim deletion
07:08 +564 ~4: C:/GUARANTEED OUTCOME/MOOLSOCIAL-PRODUCTION/apps/mobile/test/youtube_private_dev_proof_harness_test.dart: errors are redacted to controlled fields
07:08 +565 ~4: C:/GUARANTEED OUTCOME/MOOLSOCIAL-PRODUCTION/apps/mobile/test/youtube_private_dev_proof_harness_test.dart: external launcher rejects any non-Google authorization URL
07:09 +566 ~4: C:/GUARANTEED OUTCOME/MOOLSOCIAL-PRODUCTION/apps/mobile/test/youtube_private_dev_rich_dto_test.dart: YouTube provider rich DTOs preserves public video policy, metadata, caption and live truth
07:09 +567 ~4: C:/GUARANTEED OUTCOME/MOOLSOCIAL-PRODUCTION/apps/mobile/test/youtube_private_dev_rich_dto_test.dart: YouTube provider rich DTOs rejects conflicting restrictions and fabricated attribution
07:09 +568 ~4: C:/GUARANTEED OUTCOME/MOOLSOCIAL-PRODUCTION/apps/mobile/test/youtube_private_dev_rich_dto_test.dart: YouTube provider rich DTOs preserves verification and reconnect timing
07:09 +569 ~4: C:/GUARANTEED OUTCOME/MOOLSOCIAL-PRODUCTION/apps/mobile/test/youtube_private_dev_rich_dto_test.dart: YouTube provider Phase-A client parity exposes batch statistics and every public catalogue owner
07:09 +570 ~4: C:/GUARANTEED OUTCOME/MOOLSOCIAL-PRODUCTION/apps/mobile/test/youtube_private_dev_rich_dto_test.dart: YouTube provider Phase-A client parity preserves full comment text, reply state and YouTube attribution
07:09 +571 ~4: C:/GUARANTEED OUTCOME/MOOLSOCIAL-PRODUCTION/apps/mobile/test/youtube_private_dev_rich_dto_test.dart: YouTube provider Phase-A client parity exposes owner inventory using Auth and standard App Check
07:10 +572 ~4: All tests passed!
